{
  "aggregate_score": 0.9005082249641418,
  "ptm": 0.9247222542762756,
  "iptm": 0.8944547176361084,
  "per_chain_ptm": [
    [
      0.9063571095466614,
      0.9424216151237488,
      0.6892099380493164
    ]
  ],
  "per_chain_pair_iptm": [
    [
      [
        0.9063571095466614,
        0.887686550617218,
        0.4042034149169922
      ],
      [
        0.9123972654342651,
        0.9424216151237488,
        0.3420695662498474
      ],
      [
        0.45420902967453003,
        0.25468453764915466,
        0.6892099380493164
      ]
    ]
  ],
  "has_inter_chain_clashes": false,
  "chain_chain_clashes": [
    [
      [
        0,
        0,
        0
      ],
      [
        0,
        0,
        0
      ],
      [
        0,
        0,
        0
      ]
    ]
  ]
}