{
  "aggregate_score": 0.8990678787231445,
  "ptm": 0.9236733913421631,
  "iptm": 0.8929164409637451,
  "per_chain_ptm": [
    [
      0.9059954881668091,
      0.9422658681869507,
      0.6897086501121521
    ]
  ],
  "per_chain_pair_iptm": [
    [
      [
        0.9059954881668091,
        0.8871891498565674,
        0.413430392742157
      ],
      [
        0.9119710922241211,
        0.9422658681869507,
        0.33616527915000916
      ],
      [
        0.4622313380241394,
        0.2588954567909241,
        0.6897086501121521
      ]
    ]
  ],
  "has_inter_chain_clashes": false,
  "chain_chain_clashes": [
    [
      [
        0,
        0,
        0
      ],
      [
        0,
        0,
        0
      ],
      [
        0,
        0,
        0
      ]
    ]
  ]
}