{
  "aggregate_score": 0.8990100622177124,
  "ptm": 0.9235710501670837,
  "iptm": 0.8928698301315308,
  "per_chain_ptm": [
    [
      0.9055386781692505,
      0.9419072270393372,
      0.6898945569992065
    ]
  ],
  "per_chain_pair_iptm": [
    [
      [
        0.9055386781692505,
        0.8873766660690308,
        0.4097796678543091
      ],
      [
        0.9115505218505859,
        0.9419072270393372,
        0.33541354537010193
      ],
      [
        0.45822417736053467,
        0.2573925852775574,
        0.6898945569992065
      ]
    ]
  ],
  "has_inter_chain_clashes": false,
  "chain_chain_clashes": [
    [
      [
        0,
        0,
        0
      ],
      [
        0,
        0,
        0
      ],
      [
        0,
        0,
        0
      ]
    ]
  ]
}