{
  "aggregate_score": 0.9013847708702087,
  "ptm": 0.925377368927002,
  "iptm": 0.8953866362571716,
  "per_chain_ptm": [
    [
      0.9064628481864929,
      0.942799985408783,
      0.6927400231361389
    ]
  ],
  "per_chain_pair_iptm": [
    [
      [
        0.9064628481864929,
        0.8882458806037903,
        0.4126579463481903
      ],
      [
        0.9122418165206909,
        0.942799985408783,
        0.3509853780269623
      ],
      [
        0.4575464129447937,
        0.2569577097892761,
        0.6927400231361389
      ]
    ]
  ],
  "has_inter_chain_clashes": false,
  "chain_chain_clashes": [
    [
      [
        0,
        0,
        0
      ],
      [
        0,
        0,
        0
      ],
      [
        0,
        0,
        0
      ]
    ]
  ]
}