{
  "aggregate_score": 0.8996778726577759,
  "ptm": 0.924126923084259,
  "iptm": 0.8935655951499939,
  "per_chain_ptm": [
    [
      0.9065433144569397,
      0.9420952796936035,
      0.6889390349388123
    ]
  ],
  "per_chain_pair_iptm": [
    [
      [
        0.9065433144569397,
        0.8883681297302246,
        0.4069463610649109
      ],
      [
        0.9118306040763855,
        0.9420952796936035,
        0.33921393752098083
      ],
      [
        0.45719778537750244,
        0.25637951493263245,
        0.6889390349388123
      ]
    ]
  ],
  "has_inter_chain_clashes": false,
  "chain_chain_clashes": [
    [
      [
        0,
        0,
        0
      ],
      [
        0,
        0,
        0
      ],
      [
        0,
        0,
        0
      ]
    ]
  ]
}