{
  "aggregate_score": 0.8146112561225891,
  "ptm": 0.8538944125175476,
  "iptm": 0.8047904372215271,
  "per_chain_ptm": [
    [
      0.894341230392456,
      0.9458408355712891,
      0.1926323026418686
    ]
  ],
  "per_chain_pair_iptm": [
    [
      [
        0.894341230392456,
        0.8898962140083313,
        0.23365908861160278
      ],
      [
        0.909838855266571,
        0.9458408355712891,
        0.2525480389595032
      ],
      [
        0.1646064817905426,
        0.06052947789430618,
        0.1926323026418686
      ]
    ]
  ],
  "has_inter_chain_clashes": false,
  "chain_chain_clashes": [
    [
      [
        0,
        0,
        0
      ],
      [
        0,
        0,
        0
      ],
      [
        0,
        0,
        0
      ]
    ]
  ]
}