{
  "aggregate_score": 0.8143892288208008,
  "ptm": 0.8537602424621582,
  "iptm": 0.8045464754104614,
  "per_chain_ptm": [
    [
      0.8936826586723328,
      0.944175660610199,
      0.1936628371477127
    ]
  ],
  "per_chain_pair_iptm": [
    [
      [
        0.8936826586723328,
        0.8881639242172241,
        0.2354399859905243
      ],
      [
        0.9096952676773071,
        0.944175660610199,
        0.25322505831718445
      ],
      [
        0.16223156452178955,
        0.055969446897506714,
        0.1936628371477127
      ]
    ]
  ],
  "has_inter_chain_clashes": false,
  "chain_chain_clashes": [
    [
      [
        0,
        0,
        0
      ],
      [
        0,
        0,
        0
      ],
      [
        0,
        0,
        0
      ]
    ]
  ]
}