{
  "aggregate_score": 0.8300085067749023,
  "ptm": 0.8650031089782715,
  "iptm": 0.8212598562240601,
  "per_chain_ptm": [
    [
      0.8943576812744141,
      0.9452825784683228,
      0.20275570452213287
    ]
  ],
  "per_chain_pair_iptm": [
    [
      [
        0.8943576812744141,
        0.8889561891555786,
        0.3021937906742096
      ],
      [
        0.9103782773017883,
        0.9452825784683228,
        0.29824477434158325
      ],
      [
        0.21575501561164856,
        0.09245456010103226,
        0.20275570452213287
      ]
    ]
  ],
  "has_inter_chain_clashes": false,
  "chain_chain_clashes": [
    [
      [
        0,
        0,
        0
      ],
      [
        0,
        0,
        0
      ],
      [
        0,
        0,
        0
      ]
    ]
  ]
}