{
  "aggregate_score": 0.825287938117981,
  "ptm": 0.8605594635009766,
  "iptm": 0.8164700865745544,
  "per_chain_ptm": [
    [
      0.896028995513916,
      0.945056676864624,
      0.19934412837028503
    ]
  ],
  "per_chain_pair_iptm": [
    [
      [
        0.896028995513916,
        0.8900617957115173,
        0.2707301378250122
      ],
      [
        0.9104374051094055,
        0.945056676864624,
        0.2825927436351776
      ],
      [
        0.2189667820930481,
        0.0935714840888977,
        0.19934412837028503
      ]
    ]
  ],
  "has_inter_chain_clashes": false,
  "chain_chain_clashes": [
    [
      [
        0,
        0,
        0
      ],
      [
        0,
        0,
        0
      ],
      [
        0,
        0,
        0
      ]
    ]
  ]
}