{
  "aggregate_score": 0.8252323865890503,
  "ptm": 0.8617159128189087,
  "iptm": 0.8161114454269409,
  "per_chain_ptm": [
    [
      0.8931260704994202,
      0.9452108144760132,
      0.19998309016227722
    ]
  ],
  "per_chain_pair_iptm": [
    [
      [
        0.8931260704994202,
        0.8881486654281616,
        0.2783396244049072
      ],
      [
        0.9087905287742615,
        0.9452108144760132,
        0.2871719300746918
      ],
      [
        0.21587282419204712,
        0.09127295017242432,
        0.19998309016227722
      ]
    ]
  ],
  "has_inter_chain_clashes": false,
  "chain_chain_clashes": [
    [
      [
        0,
        0,
        0
      ],
      [
        0,
        0,
        0
      ],
      [
        0,
        0,
        0
      ]
    ]
  ]
}