{
  "aggregate_score": 0.7562361359596252,
  "ptm": 0.7964103817939758,
  "iptm": 0.7461925745010376,
  "per_chain_ptm": [
    [
      0.9023256897926331,
      0.9366194605827332,
      0.4612712562084198
    ]
  ],
  "per_chain_pair_iptm": [
    [
      [
        0.9023256897926331,
        0.8761745095252991,
        0.42745596170425415
      ],
      [
        0.908905565738678,
        0.9366194605827332,
        0.4308023154735565
      ],
      [
        0.26739397644996643,
        0.14033682644367218,
        0.4612712562084198
      ]
    ]
  ],
  "has_inter_chain_clashes": false,
  "chain_chain_clashes": [
    [
      [
        0,
        0,
        0
      ],
      [
        0,
        0,
        0
      ],
      [
        0,
        0,
        1
      ]
    ]
  ]
}