{
  "aggregate_score": 0.7558005452156067,
  "ptm": 0.7960085868835449,
  "iptm": 0.7457484602928162,
  "per_chain_ptm": [
    [
      0.9035945534706116,
      0.9364556074142456,
      0.4592808783054352
    ]
  ],
  "per_chain_pair_iptm": [
    [
      [
        0.9035945534706116,
        0.87656170129776,
        0.43011242151260376
      ],
      [
        0.9079396724700928,
        0.9364556074142456,
        0.4342915415763855
      ],
      [
        0.2706027626991272,
        0.14841873943805695,
        0.4592808783054352
      ]
    ]
  ],
  "has_inter_chain_clashes": false,
  "chain_chain_clashes": [
    [
      [
        0,
        0,
        0
      ],
      [
        0,
        0,
        0
      ],
      [
        0,
        0,
        1
      ]
    ]
  ]
}