{
  "aggregate_score": 0.7562394142150879,
  "ptm": 0.7963888645172119,
  "iptm": 0.7462019920349121,
  "per_chain_ptm": [
    [
      0.9016104936599731,
      0.9363491535186768,
      0.46227848529815674
    ]
  ],
  "per_chain_pair_iptm": [
    [
      [
        0.9016104936599731,
        0.8753830790519714,
        0.4280085265636444
      ],
      [
        0.9077637791633606,
        0.9363491535186768,
        0.43497562408447266
      ],
      [
        0.2637597620487213,
        0.13983125984668732,
        0.46227848529815674
      ]
    ]
  ],
  "has_inter_chain_clashes": false,
  "chain_chain_clashes": [
    [
      [
        0,
        0,
        0
      ],
      [
        0,
        0,
        0
      ],
      [
        0,
        0,
        1
      ]
    ]
  ]
}