{
  "aggregate_score": 0.7691879272460938,
  "ptm": 0.8073931932449341,
  "iptm": 0.7596365809440613,
  "per_chain_ptm": [
    [
      0.9021224975585938,
      0.936830997467041,
      0.4726850986480713
    ]
  ],
  "per_chain_pair_iptm": [
    [
      [
        0.9021224975585938,
        0.8757553696632385,
        0.45502573251724243
      ],
      [
        0.9089721441268921,
        0.936830997467041,
        0.4637863039970398
      ],
      [
        0.3176119923591614,
        0.1847786158323288,
        0.4726850986480713
      ]
    ]
  ],
  "has_inter_chain_clashes": false,
  "chain_chain_clashes": [
    [
      [
        0,
        0,
        0
      ],
      [
        0,
        0,
        0
      ],
      [
        0,
        0,
        1
      ]
    ]
  ]
}