{
  "aggregate_score": 0.7718349695205688,
  "ptm": 0.8096663951873779,
  "iptm": 0.7623770833015442,
  "per_chain_ptm": [
    [
      0.9039186835289001,
      0.9361433982849121,
      0.47686073184013367
    ]
  ],
  "per_chain_pair_iptm": [
    [
      [
        0.9039186835289001,
        0.8758429884910583,
        0.45710521936416626
      ],
      [
        0.9093373417854309,
        0.9361433982849121,
        0.46869751811027527
      ],
      [
        0.3124557137489319,
        0.18677958846092224,
        0.47686073184013367
      ]
    ]
  ],
  "has_inter_chain_clashes": false,
  "chain_chain_clashes": [
    [
      [
        0,
        0,
        0
      ],
      [
        0,
        0,
        0
      ],
      [
        0,
        0,
        0
      ]
    ]
  ]
}