{
  "aggregate_score": 0.8705949187278748,
  "ptm": 0.8998522758483887,
  "iptm": 0.8632805943489075,
  "per_chain_ptm": [
    [
      0.9095854759216309,
      0.9445265531539917,
      0.836368203163147
    ]
  ],
  "per_chain_pair_iptm": [
    [
      [
        0.9095854759216309,
        0.8858225345611572,
        0.07686597108840942
      ],
      [
        0.9199740886688232,
        0.9445265531539917,
        0.06935425847768784
      ],
      [
        0.15959790349006653,
        0.08381277322769165,
        0.836368203163147
      ]
    ]
  ],
  "has_inter_chain_clashes": false,
  "chain_chain_clashes": [
    [
      [
        0,
        0,
        0
      ],
      [
        0,
        0,
        0
      ],
      [
        0,
        0,
        0
      ]
    ]
  ]
}