{
  "aggregate_score": 0.8701977729797363,
  "ptm": 0.8994661569595337,
  "iptm": 0.8628806471824646,
  "per_chain_ptm": [
    [
      0.9097517132759094,
      0.9448720216751099,
      0.8368703126907349
    ]
  ],
  "per_chain_pair_iptm": [
    [
      [
        0.9097517132759094,
        0.8850927948951721,
        0.07702749967575073
      ],
      [
        0.9196851253509521,
        0.9448720216751099,
        0.065423384308815
      ],
      [
        0.15839935839176178,
        0.08142056316137314,
        0.8368703126907349
      ]
    ]
  ],
  "has_inter_chain_clashes": false,
  "chain_chain_clashes": [
    [
      [
        0,
        0,
        0
      ],
      [
        0,
        0,
        0
      ],
      [
        0,
        0,
        0
      ]
    ]
  ]
}