{
  "aggregate_score": 0.8708316087722778,
  "ptm": 0.9000144600868225,
  "iptm": 0.8635358214378357,
  "per_chain_ptm": [
    [
      0.9100750684738159,
      0.944707453250885,
      0.83655846118927
    ]
  ],
  "per_chain_pair_iptm": [
    [
      [
        0.9100750684738159,
        0.8860555291175842,
        0.07920090109109879
      ],
      [
        0.9203625321388245,
        0.944707453250885,
        0.06838561594486237
      ],
      [
        0.16008222103118896,
        0.08386901766061783,
        0.83655846118927
      ]
    ]
  ],
  "has_inter_chain_clashes": false,
  "chain_chain_clashes": [
    [
      [
        0,
        0,
        0
      ],
      [
        0,
        0,
        0
      ],
      [
        0,
        0,
        0
      ]
    ]
  ]
}