{
  "aggregate_score": 0.8703875541687012,
  "ptm": 0.8996507525444031,
  "iptm": 0.8630717396736145,
  "per_chain_ptm": [
    [
      0.9094130396842957,
      0.9448664784431458,
      0.8367902636528015
    ]
  ],
  "per_chain_pair_iptm": [
    [
      [
        0.9094130396842957,
        0.8855116367340088,
        0.07424850016832352
      ],
      [
        0.9199991226196289,
        0.9448664784431458,
        0.0651150569319725
      ],
      [
        0.15834356844425201,
        0.08306074142456055,
        0.8367902636528015
      ]
    ]
  ],
  "has_inter_chain_clashes": false,
  "chain_chain_clashes": [
    [
      [
        0,
        0,
        0
      ],
      [
        0,
        0,
        0
      ],
      [
        0,
        0,
        0
      ]
    ]
  ]
}