{
  "aggregate_score": 0.8704574704170227,
  "ptm": 0.8996806144714355,
  "iptm": 0.8631516695022583,
  "per_chain_ptm": [
    [
      0.9097611308097839,
      0.9433805346488953,
      0.8362045288085938
    ]
  ],
  "per_chain_pair_iptm": [
    [
      [
        0.9097611308097839,
        0.885790228843689,
        0.07618337124586105
      ],
      [
        0.9198986291885376,
        0.9433805346488953,
        0.06953731179237366
      ],
      [
        0.15950265526771545,
        0.08501351624727249,
        0.8362045288085938
      ]
    ]
  ],
  "has_inter_chain_clashes": false,
  "chain_chain_clashes": [
    [
      [
        0,
        0,
        0
      ],
      [
        0,
        0,
        0
      ],
      [
        0,
        0,
        0
      ]
    ]
  ]
}