{
  "aggregate_score": 0.8981266021728516,
  "ptm": 0.9251378178596497,
  "iptm": 0.8913738131523132,
  "per_chain_ptm": [
    [
      0.8954617977142334,
      0.9449086785316467,
      0.6715566515922546
    ]
  ],
  "per_chain_pair_iptm": [
    [
      [
        0.8954617977142334,
        0.892580509185791,
        0.38752099871635437
      ],
      [
        0.9067792296409607,
        0.9449086785316467,
        0.3241998851299286
      ],
      [
        0.3749780058860779,
        0.196940079331398,
        0.6715566515922546
      ]
    ]
  ],
  "has_inter_chain_clashes": false,
  "chain_chain_clashes": [
    [
      [
        0,
        0,
        0
      ],
      [
        0,
        0,
        0
      ],
      [
        0,
        0,
        0
      ]
    ]
  ]
}