{
  "aggregate_score": 0.8957608938217163,
  "ptm": 0.9233282208442688,
  "iptm": 0.888869047164917,
  "per_chain_ptm": [
    [
      0.8951553702354431,
      0.9453021287918091,
      0.6712619066238403
    ]
  ],
  "per_chain_pair_iptm": [
    [
      [
        0.8951553702354431,
        0.8925639390945435,
        0.3848757743835449
      ],
      [
        0.9064426422119141,
        0.9453021287918091,
        0.3215717673301697
      ],
      [
        0.39212653040885925,
        0.2071288675069809,
        0.6712619066238403
      ]
    ]
  ],
  "has_inter_chain_clashes": false,
  "chain_chain_clashes": [
    [
      [
        0,
        0,
        0
      ],
      [
        0,
        0,
        0
      ],
      [
        0,
        0,
        0
      ]
    ]
  ]
}