{
  "aggregate_score": 0.8958146572113037,
  "ptm": 0.9233608245849609,
  "iptm": 0.8889280557632446,
  "per_chain_ptm": [
    [
      0.894230842590332,
      0.9453073740005493,
      0.6709930896759033
    ]
  ],
  "per_chain_pair_iptm": [
    [
      [
        0.894230842590332,
        0.8932521343231201,
        0.3850507140159607
      ],
      [
        0.9065389633178711,
        0.9453073740005493,
        0.32012900710105896
      ],
      [
        0.3875954747200012,
        0.20425862073898315,
        0.6709930896759033
      ]
    ]
  ],
  "has_inter_chain_clashes": false,
  "chain_chain_clashes": [
    [
      [
        0,
        0,
        0
      ],
      [
        0,
        0,
        0
      ],
      [
        0,
        0,
        0
      ]
    ]
  ]
}