{
  "aggregate_score": 0.8948903679847717,
  "ptm": 0.9226492643356323,
  "iptm": 0.8879506587982178,
  "per_chain_ptm": [
    [
      0.8934544920921326,
      0.9448631405830383,
      0.6724485158920288
    ]
  ],
  "per_chain_pair_iptm": [
    [
      [
        0.8934544920921326,
        0.8919965028762817,
        0.38741999864578247
      ],
      [
        0.9049644470214844,
        0.9448631405830383,
        0.323835551738739
      ],
      [
        0.39429476857185364,
        0.20955577492713928,
        0.6724485158920288
      ]
    ]
  ],
  "has_inter_chain_clashes": false,
  "chain_chain_clashes": [
    [
      [
        0,
        0,
        0
      ],
      [
        0,
        0,
        0
      ],
      [
        0,
        0,
        0
      ]
    ]
  ]
}