{
  "aggregate_score": 0.8958967924118042,
  "ptm": 0.9234216213226318,
  "iptm": 0.8890155553817749,
  "per_chain_ptm": [
    [
      0.893950879573822,
      0.9455851912498474,
      0.6713569760322571
    ]
  ],
  "per_chain_pair_iptm": [
    [
      [
        0.893950879573822,
        0.8926027417182922,
        0.38519394397735596
      ],
      [
        0.9067853093147278,
        0.9455851912498474,
        0.3213997483253479
      ],
      [
        0.3916197717189789,
        0.2063605785369873,
        0.6713569760322571
      ]
    ]
  ],
  "has_inter_chain_clashes": false,
  "chain_chain_clashes": [
    [
      [
        0,
        0,
        0
      ],
      [
        0,
        0,
        0
      ],
      [
        0,
        0,
        0
      ]
    ]
  ]
}