{
  "aggregate_score": 0.8959605097770691,
  "ptm": 0.9226377606391907,
  "iptm": 0.8892911672592163,
  "per_chain_ptm": [
    [
      0.9049718379974365,
      0.942481517791748,
      0.1057971864938736
    ]
  ],
  "per_chain_pair_iptm": [
    [
      [
        0.9049718379974365,
        0.8879439234733582,
        0.01716514304280281
      ],
      [
        0.9109824895858765,
        0.942481517791748,
        0.015933413058519363
      ],
      [
        0.15429258346557617,
        0.05848211795091629,
        0.1057971864938736
      ]
    ]
  ],
  "has_inter_chain_clashes": false,
  "chain_chain_clashes": [
    [
      [
        0,
        0,
        0
      ],
      [
        0,
        0,
        0
      ],
      [
        0,
        0,
        0
      ]
    ]
  ]
}