{
  "aggregate_score": 0.8963346481323242,
  "ptm": 0.922966718673706,
  "iptm": 0.8896766304969788,
  "per_chain_ptm": [
    [
      0.9061204791069031,
      0.9424370527267456,
      0.1063980832695961
    ]
  ],
  "per_chain_pair_iptm": [
    [
      [
        0.9061204791069031,
        0.8891090750694275,
        0.016365550458431244
      ],
      [
        0.9111509919166565,
        0.9424370527267456,
        0.015904314815998077
      ],
      [
        0.15046674013137817,
        0.057640768587589264,
        0.1063980832695961
      ]
    ]
  ],
  "has_inter_chain_clashes": false,
  "chain_chain_clashes": [
    [
      [
        0,
        0,
        0
      ],
      [
        0,
        0,
        0
      ],
      [
        0,
        0,
        0
      ]
    ]
  ]
}