{
  "aggregate_score": 0.8962129354476929,
  "ptm": 0.9228454232215881,
  "iptm": 0.8895547986030579,
  "per_chain_ptm": [
    [
      0.9060518145561218,
      0.9425719976425171,
      0.10623880475759506
    ]
  ],
  "per_chain_pair_iptm": [
    [
      [
        0.9060518145561218,
        0.8886444568634033,
        0.016422713175415993
      ],
      [
        0.9112387299537659,
        0.9425719976425171,
        0.01533332746475935
      ],
      [
        0.15217553079128265,
        0.05703561007976532,
        0.10623880475759506
      ]
    ]
  ],
  "has_inter_chain_clashes": false,
  "chain_chain_clashes": [
    [
      [
        0,
        0,
        0
      ],
      [
        0,
        0,
        0
      ],
      [
        0,
        0,
        0
      ]
    ]
  ]
}