{
  "aggregate_score": 0.8977787494659424,
  "ptm": 0.9240857362747192,
  "iptm": 0.8912019729614258,
  "per_chain_ptm": [
    [
      0.9059318900108337,
      0.9427395462989807,
      0.10579858720302582
    ]
  ],
  "per_chain_pair_iptm": [
    [
      [
        0.9059318900108337,
        0.8887874484062195,
        0.016619641333818436
      ],
      [
        0.9113311171531677,
        0.9427395462989807,
        0.01701122708618641
      ],
      [
        0.1550290882587433,
        0.06410404294729233,
        0.10579858720302582
      ]
    ]
  ],
  "has_inter_chain_clashes": false,
  "chain_chain_clashes": [
    [
      [
        0,
        0,
        0
      ],
      [
        0,
        0,
        0
      ],
      [
        0,
        0,
        0
      ]
    ]
  ]
}