{
  "aggregate_score": 0.8957499861717224,
  "ptm": 0.9224954843521118,
  "iptm": 0.8890635967254639,
  "per_chain_ptm": [
    [
      0.9063289165496826,
      0.9424490332603455,
      0.10582444071769714
    ]
  ],
  "per_chain_pair_iptm": [
    [
      [
        0.9063289165496826,
        0.8888470530509949,
        0.01618645340204239
      ],
      [
        0.9109957814216614,
        0.9424490332603455,
        0.015161980874836445
      ],
      [
        0.14678797125816345,
        0.055422261357307434,
        0.10582444071769714
      ]
    ]
  ],
  "has_inter_chain_clashes": false,
  "chain_chain_clashes": [
    [
      [
        0,
        0,
        0
      ],
      [
        0,
        0,
        0
      ],
      [
        0,
        0,
        0
      ]
    ]
  ]
}