{
  "aggregate_score": 0.9156807661056519,
  "ptm": 0.9391885995864868,
  "iptm": 0.9098038077354431,
  "per_chain_ptm": [
    [
      0.9473167657852173,
      0.9159396886825562,
      0.4086624085903168
    ]
  ],
  "per_chain_pair_iptm": [
    [
      [
        0.9473167657852173,
        0.9256712198257446,
        0.05860183387994766
      ],
      [
        0.891042172908783,
        0.9159396886825562,
        0.07862086594104767
      ],
      [
        0.17259959876537323,
        0.3323719799518585,
        0.4086624085903168
      ]
    ]
  ],
  "has_inter_chain_clashes": false,
  "chain_chain_clashes": [
    [
      [
        0,
        0,
        0
      ],
      [
        0,
        0,
        0
      ],
      [
        0,
        0,
        0
      ]
    ]
  ]
}