{
  "aggregate_score": 0.9156461358070374,
  "ptm": 0.9392053484916687,
  "iptm": 0.9097563624382019,
  "per_chain_ptm": [
    [
      0.9460875988006592,
      0.9161180257797241,
      0.40872254967689514
    ]
  ],
  "per_chain_pair_iptm": [
    [
      [
        0.9460875988006592,
        0.9256101250648499,
        0.05846073478460312
      ],
      [
        0.8913099765777588,
        0.9161180257797241,
        0.07825085520744324
      ],
      [
        0.17203669250011444,
        0.32959386706352234,
        0.40872254967689514
      ]
    ]
  ],
  "has_inter_chain_clashes": false,
  "chain_chain_clashes": [
    [
      [
        0,
        0,
        0
      ],
      [
        0,
        0,
        0
      ],
      [
        0,
        0,
        0
      ]
    ]
  ]
}