{
  "aggregate_score": 0.915418267250061,
  "ptm": 0.9390039443969727,
  "iptm": 0.909521758556366,
  "per_chain_ptm": [
    [
      0.9465159773826599,
      0.9158992767333984,
      0.4087729752063751
    ]
  ],
  "per_chain_pair_iptm": [
    [
      [
        0.9465159773826599,
        0.9252990484237671,
        0.05896693840622902
      ],
      [
        0.8896397352218628,
        0.9158992767333984,
        0.07831476628780365
      ],
      [
        0.17370925843715668,
        0.3339219093322754,
        0.4087729752063751
      ]
    ]
  ],
  "has_inter_chain_clashes": false,
  "chain_chain_clashes": [
    [
      [
        0,
        0,
        0
      ],
      [
        0,
        0,
        0
      ],
      [
        0,
        0,
        0
      ]
    ]
  ]
}