{
  "aggregate_score": 0.9153202176094055,
  "ptm": 0.9389263987541199,
  "iptm": 0.9094187021255493,
  "per_chain_ptm": [
    [
      0.9474497437477112,
      0.9162812829017639,
      0.4006998538970947
    ]
  ],
  "per_chain_pair_iptm": [
    [
      [
        0.9474497437477112,
        0.9259873032569885,
        0.05747327208518982
      ],
      [
        0.8914355635643005,
        0.9162812829017639,
        0.07539296895265579
      ],
      [
        0.16829907894134521,
        0.32385343313217163,
        0.4006998538970947
      ]
    ]
  ],
  "has_inter_chain_clashes": false,
  "chain_chain_clashes": [
    [
      [
        0,
        0,
        0
      ],
      [
        0,
        0,
        0
      ],
      [
        0,
        0,
        0
      ]
    ]
  ]
}