{
  "aggregate_score": 0.9160208702087402,
  "ptm": 0.939542829990387,
  "iptm": 0.910140335559845,
  "per_chain_ptm": [
    [
      0.9474899768829346,
      0.915742814540863,
      0.4085359275341034
    ]
  ],
  "per_chain_pair_iptm": [
    [
      [
        0.9474899768829346,
        0.9255327582359314,
        0.05946013703942299
      ],
      [
        0.8909934759140015,
        0.915742814540863,
        0.08034205436706543
      ],
      [
        0.17806050181388855,
        0.34088993072509766,
        0.4085359275341034
      ]
    ]
  ],
  "has_inter_chain_clashes": false,
  "chain_chain_clashes": [
    [
      [
        0,
        0,
        0
      ],
      [
        0,
        0,
        0
      ],
      [
        0,
        0,
        0
      ]
    ]
  ]
}