{
  "aggregate_score": 0.8931277394294739,
  "ptm": 0.9177356362342834,
  "iptm": 0.8869757056236267,
  "per_chain_ptm": [
    [
      0.9126750826835632,
      0.945266842842102,
      0.4059562087059021
    ]
  ],
  "per_chain_pair_iptm": [
    [
      [
        0.9126750826835632,
        0.8889002203941345,
        0.028834305703639984
      ],
      [
        0.9216592311859131,
        0.945266842842102,
        0.02817794866859913
      ],
      [
        0.1794200986623764,
        0.08764559030532837,
        0.4059562087059021
      ]
    ]
  ],
  "has_inter_chain_clashes": false,
  "chain_chain_clashes": [
    [
      [
        0,
        0,
        0
      ],
      [
        0,
        0,
        0
      ],
      [
        0,
        0,
        0
      ]
    ]
  ]
}