{
  "aggregate_score": 0.8938727378845215,
  "ptm": 0.9182754158973694,
  "iptm": 0.8877720832824707,
  "per_chain_ptm": [
    [
      0.913188636302948,
      0.9445220828056335,
      0.4054388701915741
    ]
  ],
  "per_chain_pair_iptm": [
    [
      [
        0.913188636302948,
        0.8886420726776123,
        0.031233105808496475
      ],
      [
        0.9221717119216919,
        0.9445220828056335,
        0.028358804062008858
      ],
      [
        0.1804569661617279,
        0.08851516246795654,
        0.4054388701915741
      ]
    ]
  ],
  "has_inter_chain_clashes": false,
  "chain_chain_clashes": [
    [
      [
        0,
        0,
        0
      ],
      [
        0,
        0,
        0
      ],
      [
        0,
        0,
        0
      ]
    ]
  ]
}