{
  "aggregate_score": 0.8930761218070984,
  "ptm": 0.9176323413848877,
  "iptm": 0.8869370818138123,
  "per_chain_ptm": [
    [
      0.9124865531921387,
      0.944269597530365,
      0.40690213441848755
    ]
  ],
  "per_chain_pair_iptm": [
    [
      [
        0.9124865531921387,
        0.8882603645324707,
        0.028176050633192062
      ],
      [
        0.921909749507904,
        0.944269597530365,
        0.027389727532863617
      ],
      [
        0.1786232441663742,
        0.08687831461429596,
        0.40690213441848755
      ]
    ]
  ],
  "has_inter_chain_clashes": false,
  "chain_chain_clashes": [
    [
      [
        0,
        0,
        0
      ],
      [
        0,
        0,
        0
      ],
      [
        0,
        0,
        0
      ]
    ]
  ]
}