{
  "aggregate_score": 0.8927843570709229,
  "ptm": 0.917448878288269,
  "iptm": 0.8866181969642639,
  "per_chain_ptm": [
    [
      0.9125624895095825,
      0.9446331262588501,
      0.4062356948852539
    ]
  ],
  "per_chain_pair_iptm": [
    [
      [
        0.9125624895095825,
        0.8882600665092468,
        0.030737247318029404
      ],
      [
        0.9213750958442688,
        0.9446331262588501,
        0.026849662885069847
      ],
      [
        0.17533338069915771,
        0.08721335977315903,
        0.4062356948852539
      ]
    ]
  ],
  "has_inter_chain_clashes": false,
  "chain_chain_clashes": [
    [
      [
        0,
        0,
        0
      ],
      [
        0,
        0,
        0
      ],
      [
        0,
        0,
        0
      ]
    ]
  ]
}