{
  "aggregate_score": 0.8932682275772095,
  "ptm": 0.9178471565246582,
  "iptm": 0.8871234655380249,
  "per_chain_ptm": [
    [
      0.9128612875938416,
      0.9452100992202759,
      0.40612828731536865
    ]
  ],
  "per_chain_pair_iptm": [
    [
      [
        0.9128612875938416,
        0.8887642621994019,
        0.02805541642010212
      ],
      [
        0.9216830134391785,
        0.9452100992202759,
        0.027812093496322632
      ],
      [
        0.17802265286445618,
        0.08664070814847946,
        0.40612828731536865
      ]
    ]
  ],
  "has_inter_chain_clashes": false,
  "chain_chain_clashes": [
    [
      [
        0,
        0,
        0
      ],
      [
        0,
        0,
        0
      ],
      [
        0,
        0,
        0
      ]
    ]
  ]
}