{
  "aggregate_score": 0.7875493168830872,
  "ptm": 0.8264917731285095,
  "iptm": 0.777813732624054,
  "per_chain_ptm": [
    [
      0.894834041595459,
      0.9343489408493042,
      0.4808996915817261
    ]
  ],
  "per_chain_pair_iptm": [
    [
      [
        0.894834041595459,
        0.8749364614486694,
        0.49121201038360596
      ],
      [
        0.8981092572212219,
        0.9343489408493042,
        0.50191730260849
      ],
      [
        0.3577277660369873,
        0.19710245728492737,
        0.4808996915817261
      ]
    ]
  ],
  "has_inter_chain_clashes": false,
  "chain_chain_clashes": [
    [
      [
        0,
        0,
        0
      ],
      [
        0,
        0,
        0
      ],
      [
        0,
        0,
        0
      ]
    ]
  ]
}