{
  "aggregate_score": 0.7894686460494995,
  "ptm": 0.8281495571136475,
  "iptm": 0.7797983884811401,
  "per_chain_ptm": [
    [
      0.8939820528030396,
      0.9344560503959656,
      0.49590808153152466
    ]
  ],
  "per_chain_pair_iptm": [
    [
      [
        0.8939820528030396,
        0.8746568560600281,
        0.4978880286216736
      ],
      [
        0.897387683391571,
        0.9344560503959656,
        0.5067376494407654
      ],
      [
        0.35908403992652893,
        0.19858162105083466,
        0.49590808153152466
      ]
    ]
  ],
  "has_inter_chain_clashes": false,
  "chain_chain_clashes": [
    [
      [
        0,
        0,
        0
      ],
      [
        0,
        0,
        0
      ],
      [
        0,
        0,
        0
      ]
    ]
  ]
}