{
  "aggregate_score": 0.7888962030410767,
  "ptm": 0.8276936411857605,
  "iptm": 0.7791967988014221,
  "per_chain_ptm": [
    [
      0.8943983316421509,
      0.9344040155410767,
      0.49176809191703796
    ]
  ],
  "per_chain_pair_iptm": [
    [
      [
        0.8943983316421509,
        0.8743520975112915,
        0.4968376159667969
      ],
      [
        0.8975839614868164,
        0.9344040155410767,
        0.5047926902770996
      ],
      [
        0.35681381821632385,
        0.1908884346485138,
        0.49176809191703796
      ]
    ]
  ],
  "has_inter_chain_clashes": false,
  "chain_chain_clashes": [
    [
      [
        0,
        0,
        0
      ],
      [
        0,
        0,
        0
      ],
      [
        0,
        0,
        0
      ]
    ]
  ]
}