{
  "aggregate_score": 0.7872194647789001,
  "ptm": 0.8261994123458862,
  "iptm": 0.7774744629859924,
  "per_chain_ptm": [
    [
      0.8939715027809143,
      0.9340872168540955,
      0.4904659390449524
    ]
  ],
  "per_chain_pair_iptm": [
    [
      [
        0.8939715027809143,
        0.8733175992965698,
        0.4933474063873291
      ],
      [
        0.8973730206489563,
        0.9340872168540955,
        0.5008683800697327
      ],
      [
        0.3495717942714691,
        0.19002267718315125,
        0.4904659390449524
      ]
    ]
  ],
  "has_inter_chain_clashes": false,
  "chain_chain_clashes": [
    [
      [
        0,
        0,
        0
      ],
      [
        0,
        0,
        0
      ],
      [
        0,
        0,
        1
      ]
    ]
  ]
}