{
  "aggregate_score": 0.7870670557022095,
  "ptm": 0.8261804580688477,
  "iptm": 0.7772886753082275,
  "per_chain_ptm": [
    [
      0.894159197807312,
      0.9350225925445557,
      0.48523974418640137
    ]
  ],
  "per_chain_pair_iptm": [
    [
      [
        0.894159197807312,
        0.8752716779708862,
        0.490114688873291
      ],
      [
        0.8975362181663513,
        0.9350225925445557,
        0.5003229379653931
      ],
      [
        0.3432544767856598,
        0.1948758214712143,
        0.48523974418640137
      ]
    ]
  ],
  "has_inter_chain_clashes": false,
  "chain_chain_clashes": [
    [
      [
        0,
        0,
        0
      ],
      [
        0,
        0,
        0
      ],
      [
        0,
        0,
        0
      ]
    ]
  ]
}