{
  "aggregate_score": 0.8164242506027222,
  "ptm": 0.8593379259109497,
  "iptm": 0.8056957721710205,
  "per_chain_ptm": [
    [
      0.902269721031189,
      0.9422442317008972,
      0.19783957302570343
    ]
  ],
  "per_chain_pair_iptm": [
    [
      [
        0.902269721031189,
        0.8882437944412231,
        0.2760767638683319
      ],
      [
        0.9081416726112366,
        0.9422442317008972,
        0.27360910177230835
      ],
      [
        0.15597021579742432,
        0.05587618425488472,
        0.19783957302570343
      ]
    ]
  ],
  "has_inter_chain_clashes": false,
  "chain_chain_clashes": [
    [
      [
        0,
        0,
        0
      ],
      [
        0,
        0,
        0
      ],
      [
        0,
        0,
        0
      ]
    ]
  ]
}