{
  "aggregate_score": 0.8166948556900024,
  "ptm": 0.8595343828201294,
  "iptm": 0.8059849143028259,
  "per_chain_ptm": [
    [
      0.9026327729225159,
      0.9418857097625732,
      0.1950419694185257
    ]
  ],
  "per_chain_pair_iptm": [
    [
      [
        0.9026327729225159,
        0.8878957629203796,
        0.27541327476501465
      ],
      [
        0.9086606502532959,
        0.9418857097625732,
        0.27231281995773315
      ],
      [
        0.15712732076644897,
        0.05747358500957489,
        0.1950419694185257
      ]
    ]
  ],
  "has_inter_chain_clashes": false,
  "chain_chain_clashes": [
    [
      [
        0,
        0,
        0
      ],
      [
        0,
        0,
        0
      ],
      [
        0,
        0,
        0
      ]
    ]
  ]
}