{
  "aggregate_score": 0.814216136932373,
  "ptm": 0.8574484586715698,
  "iptm": 0.8034080266952515,
  "per_chain_ptm": [
    [
      0.9016391038894653,
      0.941656768321991,
      0.19499939680099487
    ]
  ],
  "per_chain_pair_iptm": [
    [
      [
        0.9016391038894653,
        0.8856619596481323,
        0.2683970332145691
      ],
      [
        0.9087034463882446,
        0.941656768321991,
        0.2669617533683777
      ],
      [
        0.15648266673088074,
        0.05473048985004425,
        0.19499939680099487
      ]
    ]
  ],
  "has_inter_chain_clashes": false,
  "chain_chain_clashes": [
    [
      [
        0,
        0,
        0
      ],
      [
        0,
        0,
        0
      ],
      [
        0,
        0,
        0
      ]
    ]
  ]
}