{
  "aggregate_score": 0.8135523200035095,
  "ptm": 0.856972873210907,
  "iptm": 0.8026971817016602,
  "per_chain_ptm": [
    [
      0.9032114148139954,
      0.9422685503959656,
      0.19236813485622406
    ]
  ],
  "per_chain_pair_iptm": [
    [
      [
        0.9032114148139954,
        0.8877387642860413,
        0.2614130973815918
      ],
      [
        0.909171998500824,
        0.9422685503959656,
        0.2640950381755829
      ],
      [
        0.15119606256484985,
        0.06328166276216507,
        0.19236813485622406
      ]
    ]
  ],
  "has_inter_chain_clashes": false,
  "chain_chain_clashes": [
    [
      [
        0,
        0,
        0
      ],
      [
        0,
        0,
        0
      ],
      [
        0,
        0,
        0
      ]
    ]
  ]
}