{
  "aggregate_score": 0.8173473477363586,
  "ptm": 0.8600117564201355,
  "iptm": 0.806681215763092,
  "per_chain_ptm": [
    [
      0.9025392532348633,
      0.9415339231491089,
      0.19770610332489014
    ]
  ],
  "per_chain_pair_iptm": [
    [
      [
        0.9025392532348633,
        0.8876446485519409,
        0.278779000043869
      ],
      [
        0.9082846641540527,
        0.9415339231491089,
        0.27616095542907715
      ],
      [
        0.15697817504405975,
        0.05690545216202736,
        0.19770610332489014
      ]
    ]
  ],
  "has_inter_chain_clashes": false,
  "chain_chain_clashes": [
    [
      [
        0,
        0,
        0
      ],
      [
        0,
        0,
        0
      ],
      [
        0,
        0,
        0
      ]
    ]
  ]
}