{
  "aggregate_score": 0.8051531314849854,
  "ptm": 0.8478237986564636,
  "iptm": 0.7944853901863098,
  "per_chain_ptm": [
    [
      0.890855610370636,
      0.9456415176391602,
      0.31155943870544434
    ]
  ],
  "per_chain_pair_iptm": [
    [
      [
        0.890855610370636,
        0.8895637392997742,
        0.2676214575767517
      ],
      [
        0.9056683778762817,
        0.9456415176391602,
        0.26932764053344727
      ],
      [
        0.17102956771850586,
        0.06710571050643921,
        0.31155943870544434
      ]
    ]
  ],
  "has_inter_chain_clashes": false,
  "chain_chain_clashes": [
    [
      [
        0,
        0,
        0
      ],
      [
        0,
        0,
        0
      ],
      [
        0,
        0,
        0
      ]
    ]
  ]
}