{
  "aggregate_score": 0.8054021000862122,
  "ptm": 0.8474926948547363,
  "iptm": 0.7948794364929199,
  "per_chain_ptm": [
    [
      0.8916998505592346,
      0.9458085894584656,
      0.3127596378326416
    ]
  ],
  "per_chain_pair_iptm": [
    [
      [
        0.8916998505592346,
        0.8901981115341187,
        0.26795336604118347
      ],
      [
        0.9052519202232361,
        0.9458085894584656,
        0.2689511477947235
      ],
      [
        0.162400484085083,
        0.05974661558866501,
        0.3127596378326416
      ]
    ]
  ],
  "has_inter_chain_clashes": false,
  "chain_chain_clashes": [
    [
      [
        0,
        0,
        0
      ],
      [
        0,
        0,
        0
      ],
      [
        0,
        0,
        0
      ]
    ]
  ]
}