{
  "aggregate_score": 0.8065376877784729,
  "ptm": 0.8479065299034119,
  "iptm": 0.7961955070495605,
  "per_chain_ptm": [
    [
      0.8905004858970642,
      0.9452635049819946,
      0.3117765784263611
    ]
  ],
  "per_chain_pair_iptm": [
    [
      [
        0.8905004858970642,
        0.8891075253486633,
        0.26777127385139465
      ],
      [
        0.9052310585975647,
        0.9452635049819946,
        0.2709485590457916
      ],
      [
        0.17221227288246155,
        0.06827601790428162,
        0.3117765784263611
      ]
    ]
  ],
  "has_inter_chain_clashes": false,
  "chain_chain_clashes": [
    [
      [
        0,
        0,
        0
      ],
      [
        0,
        0,
        0
      ],
      [
        0,
        0,
        0
      ]
    ]
  ]
}