{
  "aggregate_score": 0.8045288324356079,
  "ptm": 0.8478306531906128,
  "iptm": 0.7937033176422119,
  "per_chain_ptm": [
    [
      0.88860023021698,
      0.9458664655685425,
      0.31376439332962036
    ]
  ],
  "per_chain_pair_iptm": [
    [
      [
        0.88860023021698,
        0.8881075978279114,
        0.2639504373073578
      ],
      [
        0.9026811718940735,
        0.9458664655685425,
        0.2747347056865692
      ],
      [
        0.1730162650346756,
        0.0683564618229866,
        0.31376439332962036
      ]
    ]
  ],
  "has_inter_chain_clashes": false,
  "chain_chain_clashes": [
    [
      [
        0,
        0,
        0
      ],
      [
        0,
        0,
        0
      ],
      [
        0,
        0,
        0
      ]
    ]
  ]
}