{
  "aggregate_score": 0.8052306175231934,
  "ptm": 0.8478121161460876,
  "iptm": 0.7945852875709534,
  "per_chain_ptm": [
    [
      0.8904926776885986,
      0.9452008605003357,
      0.31189337372779846
    ]
  ],
  "per_chain_pair_iptm": [
    [
      [
        0.8904926776885986,
        0.889258086681366,
        0.2652699947357178
      ],
      [
        0.9051912426948547,
        0.9452008605003357,
        0.2702219486236572
      ],
      [
        0.16133879125118256,
        0.0621957965195179,
        0.31189337372779846
      ]
    ]
  ],
  "has_inter_chain_clashes": false,
  "chain_chain_clashes": [
    [
      [
        0,
        0,
        0
      ],
      [
        0,
        0,
        0
      ],
      [
        0,
        0,
        0
      ]
    ]
  ]
}