{
  "aggregate_score": 0.8758445978164673,
  "ptm": 0.9088596105575562,
  "iptm": 0.8675907850265503,
  "per_chain_ptm": [
    [
      0.8911199569702148,
      0.9467098712921143,
      0.8353272080421448
    ]
  ],
  "per_chain_pair_iptm": [
    [
      [
        0.8911199569702148,
        0.8903868198394775,
        0.15837788581848145
      ],
      [
        0.900407612323761,
        0.9467098712921143,
        0.14614222943782806
      ],
      [
        0.29583874344825745,
        0.1754017323255539,
        0.8353272080421448
      ]
    ]
  ],
  "has_inter_chain_clashes": false,
  "chain_chain_clashes": [
    [
      [
        0,
        0,
        0
      ],
      [
        0,
        0,
        0
      ],
      [
        0,
        0,
        0
      ]
    ]
  ]
}