{
  "aggregate_score": 0.8762297630310059,
  "ptm": 0.9090782403945923,
  "iptm": 0.8680176734924316,
  "per_chain_ptm": [
    [
      0.8911297917366028,
      0.947178065776825,
      0.8349243998527527
    ]
  ],
  "per_chain_pair_iptm": [
    [
      [
        0.8911297917366028,
        0.8906834721565247,
        0.15382912755012512
      ],
      [
        0.9011009931564331,
        0.947178065776825,
        0.14616352319717407
      ],
      [
        0.29316139221191406,
        0.17410814762115479,
        0.8349243998527527
      ]
    ]
  ],
  "has_inter_chain_clashes": false,
  "chain_chain_clashes": [
    [
      [
        0,
        0,
        0
      ],
      [
        0,
        0,
        0
      ],
      [
        0,
        0,
        0
      ]
    ]
  ]
}