{
  "aggregate_score": 0.8747537732124329,
  "ptm": 0.9079711437225342,
  "iptm": 0.8664493560791016,
  "per_chain_ptm": [
    [
      0.8901024460792542,
      0.947056770324707,
      0.8348764777183533
    ]
  ],
  "per_chain_pair_iptm": [
    [
      [
        0.8901024460792542,
        0.8907228112220764,
        0.15501943230628967
      ],
      [
        0.9001857042312622,
        0.947056770324707,
        0.1405341476202011
      ],
      [
        0.28060540556907654,
        0.16746506094932556,
        0.8348764777183533
      ]
    ]
  ],
  "has_inter_chain_clashes": false,
  "chain_chain_clashes": [
    [
      [
        0,
        0,
        0
      ],
      [
        0,
        0,
        0
      ],
      [
        0,
        0,
        0
      ]
    ]
  ]
}