{
  "aggregate_score": 0.8755912184715271,
  "ptm": 0.9085798263549805,
  "iptm": 0.8673440217971802,
  "per_chain_ptm": [
    [
      0.8908142447471619,
      0.9456888437271118,
      0.8346696496009827
    ]
  ],
  "per_chain_pair_iptm": [
    [
      [
        0.8908142447471619,
        0.8899637460708618,
        0.1475752294063568
      ],
      [
        0.9016641974449158,
        0.9456888437271118,
        0.13757938146591187
      ],
      [
        0.2744866609573364,
        0.16062268614768982,
        0.8346696496009827
      ]
    ]
  ],
  "has_inter_chain_clashes": false,
  "chain_chain_clashes": [
    [
      [
        0,
        0,
        0
      ],
      [
        0,
        0,
        0
      ],
      [
        0,
        0,
        0
      ]
    ]
  ]
}