{
  "aggregate_score": 0.8750643134117126,
  "ptm": 0.9082709550857544,
  "iptm": 0.8667625784873962,
  "per_chain_ptm": [
    [
      0.8920145630836487,
      0.9472969174385071,
      0.833424985408783
    ]
  ],
  "per_chain_pair_iptm": [
    [
      [
        0.8920145630836487,
        0.8914443254470825,
        0.15357181429862976
      ],
      [
        0.9000647664070129,
        0.9472969174385071,
        0.1422080248594284
      ],
      [
        0.283638060092926,
        0.16981413960456848,
        0.833424985408783
      ]
    ]
  ],
  "has_inter_chain_clashes": false,
  "chain_chain_clashes": [
    [
      [
        0,
        0,
        0
      ],
      [
        0,
        0,
        0
      ],
      [
        0,
        0,
        0
      ]
    ]
  ]
}