{
  "aggregate_score": 0.8435766696929932,
  "ptm": 0.8822434544563293,
  "iptm": 0.8339099287986755,
  "per_chain_ptm": [
    [
      0.8959600329399109,
      0.9403367042541504,
      0.696467936038971
    ]
  ],
  "per_chain_pair_iptm": [
    [
      [
        0.8959600329399109,
        0.878338098526001,
        0.1407148838043213
      ],
      [
        0.910092830657959,
        0.9403367042541504,
        0.12290038913488388
      ],
      [
        0.17470254004001617,
        0.09680278599262238,
        0.696467936038971
      ]
    ]
  ],
  "has_inter_chain_clashes": false,
  "chain_chain_clashes": [
    [
      [
        0,
        0,
        0
      ],
      [
        0,
        0,
        0
      ],
      [
        0,
        0,
        0
      ]
    ]
  ]
}