{
  "aggregate_score": 0.8441425561904907,
  "ptm": 0.882659912109375,
  "iptm": 0.834513247013092,
  "per_chain_ptm": [
    [
      0.89752596616745,
      0.9398816823959351,
      0.6953972578048706
    ]
  ],
  "per_chain_pair_iptm": [
    [
      [
        0.89752596616745,
        0.877180814743042,
        0.13345694541931152
      ],
      [
        0.9114402532577515,
        0.9398816823959351,
        0.12301032990217209
      ],
      [
        0.17175331711769104,
        0.09594199806451797,
        0.6953972578048706
      ]
    ]
  ],
  "has_inter_chain_clashes": false,
  "chain_chain_clashes": [
    [
      [
        0,
        0,
        0
      ],
      [
        0,
        0,
        0
      ],
      [
        0,
        0,
        0
      ]
    ]
  ]
}