{
  "aggregate_score": 0.8440729975700378,
  "ptm": 0.8826510906219482,
  "iptm": 0.8344284296035767,
  "per_chain_ptm": [
    [
      0.8957345485687256,
      0.9403434991836548,
      0.6961296200752258
    ]
  ],
  "per_chain_pair_iptm": [
    [
      [
        0.8957345485687256,
        0.8768752813339233,
        0.14239463210105896
      ],
      [
        0.9107021689414978,
        0.9403434991836548,
        0.12725836038589478
      ],
      [
        0.17832231521606445,
        0.09912728518247604,
        0.6961296200752258
      ]
    ]
  ],
  "has_inter_chain_clashes": false,
  "chain_chain_clashes": [
    [
      [
        0,
        0,
        0
      ],
      [
        0,
        0,
        0
      ],
      [
        0,
        0,
        0
      ]
    ]
  ]
}