{
  "aggregate_score": 0.8434505462646484,
  "ptm": 0.8821370005607605,
  "iptm": 0.8337788581848145,
  "per_chain_ptm": [
    [
      0.897507905960083,
      0.9398597478866577,
      0.6954640746116638
    ]
  ],
  "per_chain_pair_iptm": [
    [
      [
        0.897507905960083,
        0.8784930109977722,
        0.13248310983181
      ],
      [
        0.9108012914657593,
        0.9398597478866577,
        0.12220725417137146
      ],
      [
        0.17302516102790833,
        0.09605375677347183,
        0.6954640746116638
      ]
    ]
  ],
  "has_inter_chain_clashes": false,
  "chain_chain_clashes": [
    [
      [
        0,
        0,
        0
      ],
      [
        0,
        0,
        0
      ],
      [
        0,
        0,
        0
      ]
    ]
  ]
}