{
  "aggregate_score": 0.8422999382019043,
  "ptm": 0.8812863230705261,
  "iptm": 0.8325533270835876,
  "per_chain_ptm": [
    [
      0.895767331123352,
      0.9405047297477722,
      0.6967284679412842
    ]
  ],
  "per_chain_pair_iptm": [
    [
      [
        0.895767331123352,
        0.8770658373832703,
        0.13945706188678741
      ],
      [
        0.9090667963027954,
        0.9405047297477722,
        0.12375947833061218
      ],
      [
        0.17351573705673218,
        0.09614250063896179,
        0.6967284679412842
      ]
    ]
  ],
  "has_inter_chain_clashes": false,
  "chain_chain_clashes": [
    [
      [
        0,
        0,
        0
      ],
      [
        0,
        0,
        0
      ],
      [
        0,
        0,
        0
      ]
    ]
  ]
}