{
  "aggregate_score": 0.8051196932792664,
  "ptm": 0.8380771279335022,
  "iptm": 0.7968803644180298,
  "per_chain_ptm": [
    [
      0.908515214920044,
      0.9397131204605103,
      0.5089706182479858
    ]
  ],
  "per_chain_pair_iptm": [
    [
      [
        0.908515214920044,
        0.8827718496322632,
        0.513100266456604
      ],
      [
        0.9080314636230469,
        0.9397131204605103,
        0.5235819220542908
      ],
      [
        0.3791945278644562,
        0.22661654651165009,
        0.5089706182479858
      ]
    ]
  ],
  "has_inter_chain_clashes": false,
  "chain_chain_clashes": [
    [
      [
        0,
        0,
        0
      ],
      [
        0,
        0,
        0
      ],
      [
        0,
        0,
        0
      ]
    ]
  ]
}