{
  "aggregate_score": 0.8065105080604553,
  "ptm": 0.8392647504806519,
  "iptm": 0.7983219623565674,
  "per_chain_ptm": [
    [
      0.9092222452163696,
      0.9400074481964111,
      0.5037055015563965
    ]
  ],
  "per_chain_pair_iptm": [
    [
      [
        0.9092222452163696,
        0.8835792541503906,
        0.5146872401237488
      ],
      [
        0.9079985022544861,
        0.9400074481964111,
        0.5272263288497925
      ],
      [
        0.37736356258392334,
        0.2231709510087967,
        0.5037055015563965
      ]
    ]
  ],
  "has_inter_chain_clashes": false,
  "chain_chain_clashes": [
    [
      [
        0,
        0,
        0
      ],
      [
        0,
        0,
        0
      ],
      [
        0,
        0,
        0
      ]
    ]
  ]
}