{
  "aggregate_score": 0.8036333322525024,
  "ptm": 0.836731493473053,
  "iptm": 0.7953587770462036,
  "per_chain_ptm": [
    [
      0.9103018641471863,
      0.9392331838607788,
      0.5051242113113403
    ]
  ],
  "per_chain_pair_iptm": [
    [
      [
        0.9103018641471863,
        0.8829213380813599,
        0.507248044013977
      ],
      [
        0.9092135429382324,
        0.9392331838607788,
        0.5191203951835632
      ],
      [
        0.3784986436367035,
        0.22169256210327148,
        0.5051242113113403
      ]
    ]
  ],
  "has_inter_chain_clashes": false,
  "chain_chain_clashes": [
    [
      [
        0,
        0,
        0
      ],
      [
        0,
        0,
        0
      ],
      [
        0,
        0,
        0
      ]
    ]
  ]
}