{
  "aggregate_score": 0.767002522945404,
  "ptm": 0.805708646774292,
  "iptm": 0.7573259472846985,
  "per_chain_ptm": [
    [
      0.9096038341522217,
      0.9393986463546753,
      0.4690536558628082
    ]
  ],
  "per_chain_pair_iptm": [
    [
      [
        0.9096038341522217,
        0.8828048706054688,
        0.42995205521583557
      ],
      [
        0.9074867963790894,
        0.9393986463546753,
        0.43281471729278564
      ],
      [
        0.25249916315078735,
        0.12905585765838623,
        0.4690536558628082
      ]
    ]
  ],
  "has_inter_chain_clashes": false,
  "chain_chain_clashes": [
    [
      [
        0,
        0,
        0
      ],
      [
        0,
        0,
        0
      ],
      [
        0,
        0,
        2
      ]
    ]
  ]
}