{
  "aggregate_score": 0.7681757807731628,
  "ptm": 0.8066593408584595,
  "iptm": 0.7585548162460327,
  "per_chain_ptm": [
    [
      0.9101133942604065,
      0.939740777015686,
      0.4721430540084839
    ]
  ],
  "per_chain_pair_iptm": [
    [
      [
        0.9101133942604065,
        0.8830760717391968,
        0.4319893717765808
      ],
      [
        0.9082751274108887,
        0.939740777015686,
        0.4355701208114624
      ],
      [
        0.2530064284801483,
        0.13100969791412354,
        0.4721430540084839
      ]
    ]
  ],
  "has_inter_chain_clashes": false,
  "chain_chain_clashes": [
    [
      [
        0,
        0,
        0
      ],
      [
        0,
        0,
        0
      ],
      [
        0,
        0,
        0
      ]
    ]
  ]
}