{
  "aggregate_score": 0.9100210070610046,
  "ptm": 0.9318520426750183,
  "iptm": 0.9045631885528564,
  "per_chain_ptm": [
    [
      0.9098678231239319,
      0.9434886574745178,
      0.4775978624820709
    ]
  ],
  "per_chain_pair_iptm": [
    [
      [
        0.9098678231239319,
        0.8944955468177795,
        0.5128976702690125
      ],
      [
        0.9219198226928711,
        0.9434886574745178,
        0.4588794410228729
      ],
      [
        0.426459938287735,
        0.24430668354034424,
        0.4775978624820709
      ]
    ]
  ],
  "has_inter_chain_clashes": false,
  "chain_chain_clashes": [
    [
      [
        0,
        0,
        0
      ],
      [
        0,
        0,
        0
      ],
      [
        0,
        0,
        0
      ]
    ]
  ]
}