{
  "aggregate_score": 0.9091939330101013,
  "ptm": 0.931198239326477,
  "iptm": 0.9036928415298462,
  "per_chain_ptm": [
    [
      0.9072476625442505,
      0.9440614581108093,
      0.4820714592933655
    ]
  ],
  "per_chain_pair_iptm": [
    [
      [
        0.9072476625442505,
        0.8927195072174072,
        0.5237942934036255
      ],
      [
        0.9199614524841309,
        0.9440614581108093,
        0.4672112464904785
      ],
      [
        0.450684130191803,
        0.2640356421470642,
        0.4820714592933655
      ]
    ]
  ],
  "has_inter_chain_clashes": false,
  "chain_chain_clashes": [
    [
      [
        0,
        0,
        0
      ],
      [
        0,
        0,
        0
      ],
      [
        0,
        0,
        0
      ]
    ]
  ]
}