{
  "aggregate_score": 0.9095115661621094,
  "ptm": 0.9314753413200378,
  "iptm": 0.9040205478668213,
  "per_chain_ptm": [
    [
      0.9094568490982056,
      0.9439770579338074,
      0.47416430711746216
    ]
  ],
  "per_chain_pair_iptm": [
    [
      [
        0.9094568490982056,
        0.894585907459259,
        0.5124737024307251
      ],
      [
        0.9210103750228882,
        0.9439770579338074,
        0.4597855806350708
      ],
      [
        0.3917562961578369,
        0.2160659283399582,
        0.47416430711746216
      ]
    ]
  ],
  "has_inter_chain_clashes": false,
  "chain_chain_clashes": [
    [
      [
        0,
        0,
        0
      ],
      [
        0,
        0,
        0
      ],
      [
        0,
        0,
        0
      ]
    ]
  ]
}