{
  "aggregate_score": 0.9104220867156982,
  "ptm": 0.9321815967559814,
  "iptm": 0.9049822092056274,
  "per_chain_ptm": [
    [
      0.9113759994506836,
      0.9445436596870422,
      0.47252121567726135
    ]
  ],
  "per_chain_pair_iptm": [
    [
      [
        0.9113759994506836,
        0.8954719305038452,
        0.5103709697723389
      ],
      [
        0.9224554300308228,
        0.9445436596870422,
        0.4580213129520416
      ],
      [
        0.390056312084198,
        0.21340954303741455,
        0.47252121567726135
      ]
    ]
  ],
  "has_inter_chain_clashes": false,
  "chain_chain_clashes": [
    [
      [
        0,
        0,
        0
      ],
      [
        0,
        0,
        0
      ],
      [
        0,
        0,
        0
      ]
    ]
  ]
}