{
  "aggregate_score": 0.9088213443756104,
  "ptm": 0.930966854095459,
  "iptm": 0.9032849073410034,
  "per_chain_ptm": [
    [
      0.9084153175354004,
      0.9446824789047241,
      0.47146278619766235
    ]
  ],
  "per_chain_pair_iptm": [
    [
      [
        0.9084153175354004,
        0.894132137298584,
        0.5145480632781982
      ],
      [
        0.9202721118927002,
        0.9446824789047241,
        0.4578237533569336
      ],
      [
        0.37128883600234985,
        0.20785316824913025,
        0.47146278619766235
      ]
    ]
  ],
  "has_inter_chain_clashes": false,
  "chain_chain_clashes": [
    [
      [
        0,
        0,
        0
      ],
      [
        0,
        0,
        0
      ],
      [
        0,
        0,
        0
      ]
    ]
  ]
}