{
  "aggregate_score": 0.9048668146133423,
  "ptm": 0.9313869476318359,
  "iptm": 0.8982367515563965,
  "per_chain_ptm": [
    [
      0.9082219004631042,
      0.9478350281715393,
      0.10467498004436493
    ]
  ],
  "per_chain_pair_iptm": [
    [
      [
        0.9082219004631042,
        0.8967478275299072,
        0.021839754655957222
      ],
      [
        0.9124959111213684,
        0.9478350281715393,
        0.0210894588381052
      ],
      [
        0.17639969289302826,
        0.07021363824605942,
        0.10467498004436493
      ]
    ]
  ],
  "has_inter_chain_clashes": false,
  "chain_chain_clashes": [
    [
      [
        0,
        0,
        0
      ],
      [
        0,
        0,
        0
      ],
      [
        0,
        0,
        0
      ]
    ]
  ]
}