{
  "aggregate_score": 0.9027892351150513,
  "ptm": 0.9297318458557129,
  "iptm": 0.8960534930229187,
  "per_chain_ptm": [
    [
      0.9096859693527222,
      0.9475103616714478,
      0.10563477128744125
    ]
  ],
  "per_chain_pair_iptm": [
    [
      [
        0.9096859693527222,
        0.8969383239746094,
        0.01937994733452797
      ],
      [
        0.9130343198776245,
        0.9475103616714478,
        0.018526729196310043
      ],
      [
        0.16993892192840576,
        0.06622807681560516,
        0.10563477128744125
      ]
    ]
  ],
  "has_inter_chain_clashes": false,
  "chain_chain_clashes": [
    [
      [
        0,
        0,
        0
      ],
      [
        0,
        0,
        0
      ],
      [
        0,
        0,
        0
      ]
    ]
  ]
}