{
  "aggregate_score": 0.9059012532234192,
  "ptm": 0.932136058807373,
  "iptm": 0.8993425369262695,
  "per_chain_ptm": [
    [
      0.9099212884902954,
      0.947838544845581,
      0.10488658398389816
    ]
  ],
  "per_chain_pair_iptm": [
    [
      [
        0.9099212884902954,
        0.8968005776405334,
        0.023376312106847763
      ],
      [
        0.9128319621086121,
        0.947838544845581,
        0.022409306839108467
      ],
      [
        0.18007448315620422,
        0.06963342428207397,
        0.10488658398389816
      ]
    ]
  ],
  "has_inter_chain_clashes": false,
  "chain_chain_clashes": [
    [
      [
        0,
        0,
        0
      ],
      [
        0,
        0,
        0
      ],
      [
        0,
        0,
        0
      ]
    ]
  ]
}