{
  "aggregate_score": 0.9064171314239502,
  "ptm": 0.9325817823410034,
  "iptm": 0.8998759984970093,
  "per_chain_ptm": [
    [
      0.9103391766548157,
      0.9479937553405762,
      0.10506226122379303
    ]
  ],
  "per_chain_pair_iptm": [
    [
      [
        0.9103391766548157,
        0.8975224494934082,
        0.021512998268008232
      ],
      [
        0.9136055111885071,
        0.9479937553405762,
        0.02129366807639599
      ],
      [
        0.16626770794391632,
        0.0685165748000145,
        0.10506226122379303
      ]
    ]
  ],
  "has_inter_chain_clashes": false,
  "chain_chain_clashes": [
    [
      [
        0,
        0,
        0
      ],
      [
        0,
        0,
        0
      ],
      [
        0,
        0,
        0
      ]
    ]
  ]
}