{
  "aggregate_score": 0.9063870906829834,
  "ptm": 0.9324918389320374,
  "iptm": 0.8998608589172363,
  "per_chain_ptm": [
    [
      0.9107409715652466,
      0.9476447105407715,
      0.10461033135652542
    ]
  ],
  "per_chain_pair_iptm": [
    [
      [
        0.9107409715652466,
        0.897285521030426,
        0.02290462702512741
      ],
      [
        0.913992702960968,
        0.9476447105407715,
        0.021754862740635872
      ],
      [
        0.17652027308940887,
        0.06838036328554153,
        0.10461033135652542
      ]
    ]
  ],
  "has_inter_chain_clashes": false,
  "chain_chain_clashes": [
    [
      [
        0,
        0,
        0
      ],
      [
        0,
        0,
        0
      ],
      [
        0,
        0,
        0
      ]
    ]
  ]
}