{
  "aggregate_score": 0.8879467844963074,
  "ptm": 0.9127020835876465,
  "iptm": 0.881757915019989,
  "per_chain_ptm": [
    [
      0.9160143136978149,
      0.9459882378578186,
      0.4108571410179138
    ]
  ],
  "per_chain_pair_iptm": [
    [
      [
        0.9160143136978149,
        0.8930392265319824,
        0.30504941940307617
      ],
      [
        0.9250096082687378,
        0.9459882378578186,
        0.28957656025886536
      ],
      [
        0.2735239267349243,
        0.15173685550689697,
        0.4108571410179138
      ]
    ]
  ],
  "has_inter_chain_clashes": false,
  "chain_chain_clashes": [
    [
      [
        0,
        0,
        0
      ],
      [
        0,
        0,
        0
      ],
      [
        0,
        0,
        0
      ]
    ]
  ]
}