{
  "aggregate_score": 0.886846125125885,
  "ptm": 0.9117701053619385,
  "iptm": 0.8806151151657104,
  "per_chain_ptm": [
    [
      0.9173444509506226,
      0.946802020072937,
      0.4105907082557678
    ]
  ],
  "per_chain_pair_iptm": [
    [
      [
        0.9173444509506226,
        0.89513099193573,
        0.31106430292129517
      ],
      [
        0.9245238304138184,
        0.946802020072937,
        0.290332168340683
      ],
      [
        0.2605738341808319,
        0.13719482719898224,
        0.4105907082557678
      ]
    ]
  ],
  "has_inter_chain_clashes": false,
  "chain_chain_clashes": [
    [
      [
        0,
        0,
        0
      ],
      [
        0,
        0,
        0
      ],
      [
        0,
        0,
        0
      ]
    ]
  ]
}