{
  "aggregate_score": 0.8868447542190552,
  "ptm": 0.9117920994758606,
  "iptm": 0.8806078433990479,
  "per_chain_ptm": [
    [
      0.9161936044692993,
      0.9468164443969727,
      0.4108715057373047
    ]
  ],
  "per_chain_pair_iptm": [
    [
      [
        0.9161936044692993,
        0.8942257761955261,
        0.31083160638809204
      ],
      [
        0.9242922067642212,
        0.9468164443969727,
        0.2921629250049591
      ],
      [
        0.2570672333240509,
        0.13447630405426025,
        0.4108715057373047
      ]
    ]
  ],
  "has_inter_chain_clashes": false,
  "chain_chain_clashes": [
    [
      [
        0,
        0,
        0
      ],
      [
        0,
        0,
        0
      ],
      [
        0,
        0,
        0
      ]
    ]
  ]
}