{
  "aggregate_score": 0.8875943422317505,
  "ptm": 0.9124003648757935,
  "iptm": 0.881392776966095,
  "per_chain_ptm": [
    [
      0.9161304235458374,
      0.9460611343383789,
      0.4081980884075165
    ]
  ],
  "per_chain_pair_iptm": [
    [
      [
        0.9161304235458374,
        0.8937218189239502,
        0.31305450201034546
      ],
      [
        0.9249499440193176,
        0.9460611343383789,
        0.29274073243141174
      ],
      [
        0.2599792778491974,
        0.14094921946525574,
        0.4081980884075165
      ]
    ]
  ],
  "has_inter_chain_clashes": false,
  "chain_chain_clashes": [
    [
      [
        0,
        0,
        0
      ],
      [
        0,
        0,
        0
      ],
      [
        0,
        0,
        0
      ]
    ]
  ]
}