{
  "aggregate_score": 0.8862172365188599,
  "ptm": 0.9116588234901428,
  "iptm": 0.8798568248748779,
  "per_chain_ptm": [
    [
      0.9161438345909119,
      0.9459014534950256,
      0.41104936599731445
    ]
  ],
  "per_chain_pair_iptm": [
    [
      [
        0.9161438345909119,
        0.8930749893188477,
        0.3106999397277832
      ],
      [
        0.9244324564933777,
        0.9459014534950256,
        0.2900574505329132
      ],
      [
        0.25918570160865784,
        0.13627536594867706,
        0.41104936599731445
      ]
    ]
  ],
  "has_inter_chain_clashes": false,
  "chain_chain_clashes": [
    [
      [
        0,
        0,
        0
      ],
      [
        0,
        0,
        0
      ],
      [
        0,
        0,
        0
      ]
    ]
  ]
}