{
  "aggregate_score": 0.8098998069763184,
  "ptm": 0.8421168327331543,
  "iptm": 0.8018455505371094,
  "per_chain_ptm": [
    [
      0.890071451663971,
      0.9376308917999268,
      0.5405290722846985
    ]
  ],
  "per_chain_pair_iptm": [
    [
      [
        0.890071451663971,
        0.8752378821372986,
        0.5202972888946533
      ],
      [
        0.9028416275978088,
        0.9376308917999268,
        0.5437816381454468
      ],
      [
        0.45498132705688477,
        0.2810322642326355,
        0.5405290722846985
      ]
    ]
  ],
  "has_inter_chain_clashes": false,
  "chain_chain_clashes": [
    [
      [
        0,
        0,
        0
      ],
      [
        0,
        0,
        0
      ],
      [
        0,
        0,
        0
      ]
    ]
  ]
}