{
  "aggregate_score": 0.8107421398162842,
  "ptm": 0.8429076671600342,
  "iptm": 0.8027006983757019,
  "per_chain_ptm": [
    [
      0.8892983794212341,
      0.9382280111312866,
      0.5472599864006042
    ]
  ],
  "per_chain_pair_iptm": [
    [
      [
        0.8892983794212341,
        0.8743627667427063,
        0.5227488875389099
      ],
      [
        0.9028967618942261,
        0.9382280111312866,
        0.5444064140319824
      ],
      [
        0.4620848000049591,
        0.2857193350791931,
        0.5472599864006042
      ]
    ]
  ],
  "has_inter_chain_clashes": false,
  "chain_chain_clashes": [
    [
      [
        0,
        0,
        0
      ],
      [
        0,
        0,
        0
      ],
      [
        0,
        0,
        1
      ]
    ]
  ]
}