{
  "aggregate_score": 0.8134665489196777,
  "ptm": 0.8451336622238159,
  "iptm": 0.8055497407913208,
  "per_chain_ptm": [
    [
      0.8892199993133545,
      0.9372906684875488,
      0.5480118989944458
    ]
  ],
  "per_chain_pair_iptm": [
    [
      [
        0.8892199993133545,
        0.8746040463447571,
        0.5266415476799011
      ],
      [
        0.9028151035308838,
        0.9372906684875488,
        0.5514063239097595
      ],
      [
        0.46909719705581665,
        0.29083019495010376,
        0.5480118989944458
      ]
    ]
  ],
  "has_inter_chain_clashes": false,
  "chain_chain_clashes": [
    [
      [
        0,
        0,
        0
      ],
      [
        0,
        0,
        0
      ],
      [
        0,
        0,
        0
      ]
    ]
  ]
}