{
  "aggregate_score": 0.7731700539588928,
  "ptm": 0.8109371662139893,
  "iptm": 0.7637282609939575,
  "per_chain_ptm": [
    [
      0.8899860978126526,
      0.9379192590713501,
      0.49622470140457153
    ]
  ],
  "per_chain_pair_iptm": [
    [
      [
        0.8899860978126526,
        0.8748784065246582,
        0.44372379779815674
      ],
      [
        0.9030853509902954,
        0.9379192590713501,
        0.4557810425758362
      ],
      [
        0.306265264749527,
        0.1649332046508789,
        0.49622470140457153
      ]
    ]
  ],
  "has_inter_chain_clashes": false,
  "chain_chain_clashes": [
    [
      [
        0,
        0,
        0
      ],
      [
        0,
        0,
        0
      ],
      [
        0,
        0,
        0
      ]
    ]
  ]
}