{
  "aggregate_score": 0.7711429595947266,
  "ptm": 0.8091962337493896,
  "iptm": 0.7616296410560608,
  "per_chain_ptm": [
    [
      0.8898741602897644,
      0.9378957748413086,
      0.4919738173484802
    ]
  ],
  "per_chain_pair_iptm": [
    [
      [
        0.8898741602897644,
        0.874972939491272,
        0.4416382312774658
      ],
      [
        0.9025762677192688,
        0.9378957748413086,
        0.4527386426925659
      ],
      [
        0.2966330051422119,
        0.1654549390077591,
        0.4919738173484802
      ]
    ]
  ],
  "has_inter_chain_clashes": false,
  "chain_chain_clashes": [
    [
      [
        0,
        0,
        0
      ],
      [
        0,
        0,
        0
      ],
      [
        0,
        0,
        1
      ]
    ]
  ]
}