{
  "aggregate_score": 0.8224626779556274,
  "ptm": 0.8600808382034302,
  "iptm": 0.8130581378936768,
  "per_chain_ptm": [
    [
      0.9127307534217834,
      0.9466227889060974,
      0.19230876863002777
    ]
  ],
  "per_chain_pair_iptm": [
    [
      [
        0.9127307534217834,
        0.8983781337738037,
        0.24795711040496826
      ],
      [
        0.9146178364753723,
        0.9466227889060974,
        0.25279098749160767
      ],
      [
        0.1662399023771286,
        0.06502756476402283,
        0.19230876863002777
      ]
    ]
  ],
  "has_inter_chain_clashes": false,
  "chain_chain_clashes": [
    [
      [
        0,
        0,
        0
      ],
      [
        0,
        0,
        0
      ],
      [
        0,
        0,
        0
      ]
    ]
  ]
}