{
  "aggregate_score": 0.8325643539428711,
  "ptm": 0.8680952787399292,
  "iptm": 0.8236815929412842,
  "per_chain_ptm": [
    [
      0.9134067893028259,
      0.9464453458786011,
      0.20022358000278473
    ]
  ],
  "per_chain_pair_iptm": [
    [
      [
        0.9134067893028259,
        0.8979796767234802,
        0.2851896286010742
      ],
      [
        0.9159079790115356,
        0.9464453458786011,
        0.29607439041137695
      ],
      [
        0.19586826860904694,
        0.08323326706886292,
        0.20022358000278473
      ]
    ]
  ],
  "has_inter_chain_clashes": false,
  "chain_chain_clashes": [
    [
      [
        0,
        0,
        0
      ],
      [
        0,
        0,
        0
      ],
      [
        0,
        0,
        0
      ]
    ]
  ]
}