{
  "aggregate_score": 0.8260344862937927,
  "ptm": 0.8633756637573242,
  "iptm": 0.8166991472244263,
  "per_chain_ptm": [
    [
      0.9131126403808594,
      0.9465254545211792,
      0.1997959017753601
    ]
  ],
  "per_chain_pair_iptm": [
    [
      [
        0.9131126403808594,
        0.8972800970077515,
        0.2628155052661896
      ],
      [
        0.914867103099823,
        0.9465254545211792,
        0.2741157114505768
      ],
      [
        0.18129031360149384,
        0.07773604989051819,
        0.1997959017753601
      ]
    ]
  ],
  "has_inter_chain_clashes": false,
  "chain_chain_clashes": [
    [
      [
        0,
        0,
        0
      ],
      [
        0,
        0,
        0
      ],
      [
        0,
        0,
        0
      ]
    ]
  ]
}