{
  "aggregate_score": 0.8315238952636719,
  "ptm": 0.8677499294281006,
  "iptm": 0.8224673271179199,
  "per_chain_ptm": [
    [
      0.912458598613739,
      0.9468857049942017,
      0.19963116943836212
    ]
  ],
  "per_chain_pair_iptm": [
    [
      [
        0.912458598613739,
        0.8977270722389221,
        0.2842811644077301
      ],
      [
        0.915110170841217,
        0.9468857049942017,
        0.294271320104599
      ],
      [
        0.19788627326488495,
        0.08320111781358719,
        0.19963116943836212
      ]
    ]
  ],
  "has_inter_chain_clashes": false,
  "chain_chain_clashes": [
    [
      [
        0,
        0,
        0
      ],
      [
        0,
        0,
        0
      ],
      [
        0,
        0,
        0
      ]
    ]
  ]
}