{
  "aggregate_score": 0.8331534266471863,
  "ptm": 0.8686612844467163,
  "iptm": 0.8242763876914978,
  "per_chain_ptm": [
    [
      0.9123736023902893,
      0.9467195272445679,
      0.2026577740907669
    ]
  ],
  "per_chain_pair_iptm": [
    [
      [
        0.9123736023902893,
        0.8979477882385254,
        0.28705504536628723
      ],
      [
        0.9147005081176758,
        0.9467195272445679,
        0.2985225319862366
      ],
      [
        0.19242173433303833,
        0.08178511261940002,
        0.2026577740907669
      ]
    ]
  ],
  "has_inter_chain_clashes": false,
  "chain_chain_clashes": [
    [
      [
        0,
        0,
        0
      ],
      [
        0,
        0,
        0
      ],
      [
        0,
        0,
        0
      ]
    ]
  ]
}