{
  "aggregate_score": 0.8997843265533447,
  "ptm": 0.9242091774940491,
  "iptm": 0.8936780691146851,
  "per_chain_ptm": [
    [
      0.8923085331916809,
      0.9472265839576721,
      0.10286055505275726
    ]
  ],
  "per_chain_pair_iptm": [
    [
      [
        0.8923085331916809,
        0.8916867971420288,
        0.02005169168114662
      ],
      [
        0.9041771292686462,
        0.9472265839576721,
        0.019107531756162643
      ],
      [
        0.18354098498821259,
        0.07034953683614731,
        0.10286055505275726
      ]
    ]
  ],
  "has_inter_chain_clashes": false,
  "chain_chain_clashes": [
    [
      [
        0,
        0,
        0
      ],
      [
        0,
        0,
        0
      ],
      [
        0,
        0,
        0
      ]
    ]
  ]
}