{
  "aggregate_score": 0.900446891784668,
  "ptm": 0.9247018694877625,
  "iptm": 0.8943831324577332,
  "per_chain_ptm": [
    [
      0.8926641345024109,
      0.9460592865943909,
      0.10274072736501694
    ]
  ],
  "per_chain_pair_iptm": [
    [
      [
        0.8926641345024109,
        0.8905462026596069,
        0.02085294760763645
      ],
      [
        0.9045614004135132,
        0.9460592865943909,
        0.019729644060134888
      ],
      [
        0.18705014884471893,
        0.07158530503511429,
        0.10274072736501694
      ]
    ]
  ],
  "has_inter_chain_clashes": false,
  "chain_chain_clashes": [
    [
      [
        0,
        0,
        0
      ],
      [
        0,
        0,
        0
      ],
      [
        0,
        0,
        0
      ]
    ]
  ]
}