{
  "aggregate_score": 0.9001167416572571,
  "ptm": 0.9244309663772583,
  "iptm": 0.8940381407737732,
  "per_chain_ptm": [
    [
      0.893113911151886,
      0.9458218812942505,
      0.10283087193965912
    ]
  ],
  "per_chain_pair_iptm": [
    [
      [
        0.893113911151886,
        0.8909947276115417,
        0.020786046981811523
      ],
      [
        0.9043707251548767,
        0.9458218812942505,
        0.019578706473112106
      ],
      [
        0.1858133226633072,
        0.07151354849338531,
        0.10283087193965912
      ]
    ]
  ],
  "has_inter_chain_clashes": false,
  "chain_chain_clashes": [
    [
      [
        0,
        0,
        0
      ],
      [
        0,
        0,
        0
      ],
      [
        0,
        0,
        0
      ]
    ]
  ]
}