{
  "aggregate_score": 0.9000938534736633,
  "ptm": 0.924431562423706,
  "iptm": 0.8940093517303467,
  "per_chain_ptm": [
    [
      0.8923941850662231,
      0.946443498134613,
      0.1028689593076706
    ]
  ],
  "per_chain_pair_iptm": [
    [
      [
        0.8923941850662231,
        0.8915056586265564,
        0.01980515569448471
      ],
      [
        0.904646098613739,
        0.946443498134613,
        0.01893819123506546
      ],
      [
        0.1821797490119934,
        0.06884102523326874,
        0.1028689593076706
      ]
    ]
  ],
  "has_inter_chain_clashes": false,
  "chain_chain_clashes": [
    [
      [
        0,
        0,
        0
      ],
      [
        0,
        0,
        0
      ],
      [
        0,
        0,
        0
      ]
    ]
  ]
}