{
  "aggregate_score": 0.9001277089118958,
  "ptm": 0.9244799613952637,
  "iptm": 0.8940396308898926,
  "per_chain_ptm": [
    [
      0.8928009271621704,
      0.9460400938987732,
      0.10258769989013672
    ]
  ],
  "per_chain_pair_iptm": [
    [
      [
        0.8928009271621704,
        0.8913695216178894,
        0.021329263225197792
      ],
      [
        0.9041664600372314,
        0.9460400938987732,
        0.019898710772395134
      ],
      [
        0.1853523850440979,
        0.07102864235639572,
        0.10258769989013672
      ]
    ]
  ],
  "has_inter_chain_clashes": false,
  "chain_chain_clashes": [
    [
      [
        0,
        0,
        0
      ],
      [
        0,
        0,
        0
      ],
      [
        0,
        0,
        0
      ]
    ]
  ]
}