{
  "aggregate_score": 0.8872543573379517,
  "ptm": 0.9164578318595886,
  "iptm": 0.8799535036087036,
  "per_chain_ptm": [
    [
      0.9079035520553589,
      0.9465425610542297,
      0.4081701338291168
    ]
  ],
  "per_chain_pair_iptm": [
    [
      [
        0.9079035520553589,
        0.8954776525497437,
        0.02982087805867195
      ],
      [
        0.9114622473716736,
        0.9465425610542297,
        0.031207021325826645
      ],
      [
        0.1857234239578247,
        0.09085623174905777,
        0.4081701338291168
      ]
    ]
  ],
  "has_inter_chain_clashes": false,
  "chain_chain_clashes": [
    [
      [
        0,
        0,
        0
      ],
      [
        0,
        0,
        0
      ],
      [
        0,
        0,
        0
      ]
    ]
  ]
}