{
  "aggregate_score": 0.886721670627594,
  "ptm": 0.9160875082015991,
  "iptm": 0.8793801665306091,
  "per_chain_ptm": [
    [
      0.9072377681732178,
      0.9467670917510986,
      0.40957483649253845
    ]
  ],
  "per_chain_pair_iptm": [
    [
      [
        0.9072377681732178,
        0.8958926200866699,
        0.030140923336148262
      ],
      [
        0.9104864001274109,
        0.9467670917510986,
        0.030116815119981766
      ],
      [
        0.18828661739826202,
        0.09089294821023941,
        0.40957483649253845
      ]
    ]
  ],
  "has_inter_chain_clashes": false,
  "chain_chain_clashes": [
    [
      [
        0,
        0,
        0
      ],
      [
        0,
        0,
        0
      ],
      [
        0,
        0,
        0
      ]
    ]
  ]
}