{
  "aggregate_score": 0.8873560428619385,
  "ptm": 0.9165434837341309,
  "iptm": 0.8800591230392456,
  "per_chain_ptm": [
    [
      0.9080427885055542,
      0.946704626083374,
      0.40974581241607666
    ]
  ],
  "per_chain_pair_iptm": [
    [
      [
        0.9080427885055542,
        0.8957659006118774,
        0.02989843487739563
      ],
      [
        0.9114115834236145,
        0.946704626083374,
        0.030232002958655357
      ],
      [
        0.1838705986738205,
        0.0874079018831253,
        0.40974581241607666
      ]
    ]
  ],
  "has_inter_chain_clashes": false,
  "chain_chain_clashes": [
    [
      [
        0,
        0,
        0
      ],
      [
        0,
        0,
        0
      ],
      [
        0,
        0,
        0
      ]
    ]
  ]
}