{
  "aggregate_score": 0.8864654898643494,
  "ptm": 0.915909469127655,
  "iptm": 0.879104495048523,
  "per_chain_ptm": [
    [
      0.906268835067749,
      0.9474115967750549,
      0.40968140959739685
    ]
  ],
  "per_chain_pair_iptm": [
    [
      [
        0.906268835067749,
        0.8956682085990906,
        0.030210010707378387
      ],
      [
        0.9102734923362732,
        0.9474115967750549,
        0.03010803833603859
      ],
      [
        0.19131198525428772,
        0.09146350622177124,
        0.40968140959739685
      ]
    ]
  ],
  "has_inter_chain_clashes": false,
  "chain_chain_clashes": [
    [
      [
        0,
        0,
        0
      ],
      [
        0,
        0,
        0
      ],
      [
        0,
        0,
        0
      ]
    ]
  ]
}