{
  "aggregate_score": 0.8863353133201599,
  "ptm": 0.9158092141151428,
  "iptm": 0.8789668083190918,
  "per_chain_ptm": [
    [
      0.9070945382118225,
      0.9465920925140381,
      0.4093131124973297
    ]
  ],
  "per_chain_pair_iptm": [
    [
      [
        0.9070945382118225,
        0.8953380584716797,
        0.030101321637630463
      ],
      [
        0.910307765007019,
        0.9465920925140381,
        0.02956814132630825
      ],
      [
        0.18684959411621094,
        0.08996888995170593,
        0.4093131124973297
      ]
    ]
  ],
  "has_inter_chain_clashes": false,
  "chain_chain_clashes": [
    [
      [
        0,
        0,
        0
      ],
      [
        0,
        0,
        0
      ],
      [
        0,
        0,
        0
      ]
    ]
  ]
}