{
  "aggregate_score": 0.8836024403572083,
  "ptm": 0.9104186296463013,
  "iptm": 0.8768984079360962,
  "per_chain_ptm": [
    [
      0.9074185490608215,
      0.9451471567153931,
      0.4124009609222412
    ]
  ],
  "per_chain_pair_iptm": [
    [
      [
        0.9074185490608215,
        0.8920674324035645,
        0.3385167121887207
      ],
      [
        0.9131835103034973,
        0.9451471567153931,
        0.2996963560581207
      ],
      [
        0.2589980363845825,
        0.1426442414522171,
        0.4124009609222412
      ]
    ]
  ],
  "has_inter_chain_clashes": false,
  "chain_chain_clashes": [
    [
      [
        0,
        0,
        0
      ],
      [
        0,
        0,
        0
      ],
      [
        0,
        0,
        0
      ]
    ]
  ]
}