{
  "aggregate_score": 0.8827893733978271,
  "ptm": 0.9098533391952515,
  "iptm": 0.8760234117507935,
  "per_chain_ptm": [
    [
      0.907248318195343,
      0.9445695877075195,
      0.4088420569896698
    ]
  ],
  "per_chain_pair_iptm": [
    [
      [
        0.907248318195343,
        0.8905373811721802,
        0.33401551842689514
      ],
      [
        0.913159966468811,
        0.9445695877075195,
        0.29810917377471924
      ],
      [
        0.2548012435436249,
        0.13854937255382538,
        0.4088420569896698
      ]
    ]
  ],
  "has_inter_chain_clashes": false,
  "chain_chain_clashes": [
    [
      [
        0,
        0,
        0
      ],
      [
        0,
        0,
        0
      ],
      [
        0,
        0,
        0
      ]
    ]
  ]
}