{
  "aggregate_score": 0.8820839524269104,
  "ptm": 0.9091907739639282,
  "iptm": 0.8753072023391724,
  "per_chain_ptm": [
    [
      0.9077703356742859,
      0.9443873167037964,
      0.40389057993888855
    ]
  ],
  "per_chain_pair_iptm": [
    [
      [
        0.9077703356742859,
        0.8912558555603027,
        0.3287850022315979
      ],
      [
        0.9125117063522339,
        0.9443873167037964,
        0.2909039855003357
      ],
      [
        0.2628277838230133,
        0.12356622517108917,
        0.40389057993888855
      ]
    ]
  ],
  "has_inter_chain_clashes": false,
  "chain_chain_clashes": [
    [
      [
        0,
        0,
        0
      ],
      [
        0,
        0,
        0
      ],
      [
        0,
        0,
        0
      ]
    ]
  ]
}