{
  "aggregate_score": 0.8833009004592896,
  "ptm": 0.9102562069892883,
  "iptm": 0.8765620589256287,
  "per_chain_ptm": [
    [
      0.9081361293792725,
      0.9445880055427551,
      0.4105183482170105
    ]
  ],
  "per_chain_pair_iptm": [
    [
      [
        0.9081361293792725,
        0.8924182653427124,
        0.3333231210708618
      ],
      [
        0.9132817387580872,
        0.9445880055427551,
        0.29569870233535767
      ],
      [
        0.2544696033000946,
        0.1432165950536728,
        0.4105183482170105
      ]
    ]
  ],
  "has_inter_chain_clashes": false,
  "chain_chain_clashes": [
    [
      [
        0,
        0,
        0
      ],
      [
        0,
        0,
        0
      ],
      [
        0,
        0,
        0
      ]
    ]
  ]
}