{
  "aggregate_score": 0.8819656372070312,
  "ptm": 0.9092476963996887,
  "iptm": 0.8751450777053833,
  "per_chain_ptm": [
    [
      0.907450795173645,
      0.9445508718490601,
      0.40141332149505615
    ]
  ],
  "per_chain_pair_iptm": [
    [
      [
        0.907450795173645,
        0.8919243216514587,
        0.3247208893299103
      ],
      [
        0.91254061460495,
        0.9445508718490601,
        0.2904701828956604
      ],
      [
        0.24601367115974426,
        0.12138330936431885,
        0.40141332149505615
      ]
    ]
  ],
  "has_inter_chain_clashes": false,
  "chain_chain_clashes": [
    [
      [
        0,
        0,
        0
      ],
      [
        0,
        0,
        0
      ],
      [
        0,
        0,
        0
      ]
    ]
  ]
}