{
  "aggregate_score": 0.847279965877533,
  "ptm": 0.8815317153930664,
  "iptm": 0.838716983795166,
  "per_chain_ptm": [
    [
      0.8851710557937622,
      0.9437986612319946,
      0.6883882284164429
    ]
  ],
  "per_chain_pair_iptm": [
    [
      [
        0.8851710557937622,
        0.8824958205223083,
        0.1652917116880417
      ],
      [
        0.8966394662857056,
        0.9437986612319946,
        0.15556547045707703
      ],
      [
        0.19603413343429565,
        0.1116776168346405,
        0.6883882284164429
      ]
    ]
  ],
  "has_inter_chain_clashes": false,
  "chain_chain_clashes": [
    [
      [
        0,
        0,
        0
      ],
      [
        0,
        0,
        0
      ],
      [
        0,
        0,
        0
      ]
    ]
  ]
}