{
  "aggregate_score": 0.8558845520019531,
  "ptm": 0.8880547881126404,
  "iptm": 0.8478419780731201,
  "per_chain_ptm": [
    [
      0.884912371635437,
      0.9438287019729614,
      0.6840941905975342
    ]
  ],
  "per_chain_pair_iptm": [
    [
      [
        0.884912371635437,
        0.882768452167511,
        0.19738708436489105
      ],
      [
        0.8977656364440918,
        0.9438287019729614,
        0.18902306258678436
      ],
      [
        0.24817480146884918,
        0.13705022633075714,
        0.6840941905975342
      ]
    ]
  ],
  "has_inter_chain_clashes": false,
  "chain_chain_clashes": [
    [
      [
        0,
        0,
        0
      ],
      [
        0,
        0,
        0
      ],
      [
        0,
        0,
        0
      ]
    ]
  ]
}