{
  "aggregate_score": 0.8549472689628601,
  "ptm": 0.8873569369316101,
  "iptm": 0.8468447923660278,
  "per_chain_ptm": [
    [
      0.8856721520423889,
      0.9429327845573425,
      0.6839660406112671
    ]
  ],
  "per_chain_pair_iptm": [
    [
      [
        0.8856721520423889,
        0.8820628523826599,
        0.19347454607486725
      ],
      [
        0.8973942399024963,
        0.9429327845573425,
        0.18773075938224792
      ],
      [
        0.24581830203533173,
        0.13219590485095978,
        0.6839660406112671
      ]
    ]
  ],
  "has_inter_chain_clashes": false,
  "chain_chain_clashes": [
    [
      [
        0,
        0,
        0
      ],
      [
        0,
        0,
        0
      ],
      [
        0,
        0,
        0
      ]
    ]
  ]
}