{
  "aggregate_score": 0.8538682460784912,
  "ptm": 0.8864595293998718,
  "iptm": 0.8457203507423401,
  "per_chain_ptm": [
    [
      0.8849759101867676,
      0.94371098279953,
      0.6863138675689697
    ]
  ],
  "per_chain_pair_iptm": [
    [
      [
        0.8849759101867676,
        0.8826868534088135,
        0.19484728574752808
      ],
      [
        0.8966037034988403,
        0.94371098279953,
        0.18206393718719482
      ],
      [
        0.24058568477630615,
        0.13253051042556763,
        0.6863138675689697
      ]
    ]
  ],
  "has_inter_chain_clashes": false,
  "chain_chain_clashes": [
    [
      [
        0,
        0,
        0
      ],
      [
        0,
        0,
        0
      ],
      [
        0,
        0,
        0
      ]
    ]
  ]
}