{
  "aggregate_score": 0.8551213145256042,
  "ptm": 0.8877477049827576,
  "iptm": 0.8469647169113159,
  "per_chain_ptm": [
    [
      0.8852337002754211,
      0.9436053037643433,
      0.684374988079071
    ]
  ],
  "per_chain_pair_iptm": [
    [
      [
        0.8852337002754211,
        0.8818210363388062,
        0.19395743310451508
      ],
      [
        0.8969589471817017,
        0.9436053037643433,
        0.18683114647865295
      ],
      [
        0.24980957806110382,
        0.13591541349887848,
        0.684374988079071
      ]
    ]
  ],
  "has_inter_chain_clashes": false,
  "chain_chain_clashes": [
    [
      [
        0,
        0,
        0
      ],
      [
        0,
        0,
        0
      ],
      [
        0,
        0,
        0
      ]
    ]
  ]
}