{
  "aggregate_score": 0.903472363948822,
  "ptm": 0.930965006351471,
  "iptm": 0.8965991735458374,
  "per_chain_ptm": [
    [
      0.8955932855606079,
      0.9468703866004944,
      0.10450215637683868
    ]
  ],
  "per_chain_pair_iptm": [
    [
      [
        0.8955932855606079,
        0.8909426927566528,
        0.027464179322123528
      ],
      [
        0.9079129695892334,
        0.9468703866004944,
        0.021960340440273285
      ],
      [
        0.19888871908187866,
        0.07574333250522614,
        0.10450215637683868
      ]
    ]
  ],
  "has_inter_chain_clashes": false,
  "chain_chain_clashes": [
    [
      [
        0,
        0,
        0
      ],
      [
        0,
        0,
        0
      ],
      [
        0,
        0,
        0
      ]
    ]
  ]
}