{
  "aggregate_score": 0.9024294018745422,
  "ptm": 0.9299765825271606,
  "iptm": 0.895542562007904,
  "per_chain_ptm": [
    [
      0.8961315155029297,
      0.945734977722168,
      0.10438811779022217
    ]
  ],
  "per_chain_pair_iptm": [
    [
      [
        0.8961315155029297,
        0.8910456299781799,
        0.027415720745921135
      ],
      [
        0.9071223139762878,
        0.945734977722168,
        0.02157316543161869
      ],
      [
        0.195456862449646,
        0.0738016739487648,
        0.10438811779022217
      ]
    ]
  ],
  "has_inter_chain_clashes": false,
  "chain_chain_clashes": [
    [
      [
        0,
        0,
        0
      ],
      [
        0,
        0,
        0
      ],
      [
        0,
        0,
        0
      ]
    ]
  ]
}