{
  "aggregate_score": 0.9031662344932556,
  "ptm": 0.9305487871170044,
  "iptm": 0.8963205218315125,
  "per_chain_ptm": [
    [
      0.8956775665283203,
      0.9469116926193237,
      0.10457751154899597
    ]
  ],
  "per_chain_pair_iptm": [
    [
      [
        0.8956775665283203,
        0.891964852809906,
        0.02802126482129097
      ],
      [
        0.9073483943939209,
        0.9469116926193237,
        0.022279970347881317
      ],
      [
        0.2021980732679367,
        0.07731390744447708,
        0.10457751154899597
      ]
    ]
  ],
  "has_inter_chain_clashes": false,
  "chain_chain_clashes": [
    [
      [
        0,
        0,
        0
      ],
      [
        0,
        0,
        0
      ],
      [
        0,
        0,
        0
      ]
    ]
  ]
}