{
  "aggregate_score": 0.9013543725013733,
  "ptm": 0.9291900992393494,
  "iptm": 0.8943954110145569,
  "per_chain_ptm": [
    [
      0.8932332396507263,
      0.9456362128257751,
      0.1046357974410057
    ]
  ],
  "per_chain_pair_iptm": [
    [
      [
        0.8932332396507263,
        0.8900650143623352,
        0.027666838839650154
      ],
      [
        0.9056546688079834,
        0.9456362128257751,
        0.022124944254755974
      ],
      [
        0.20388935506343842,
        0.07845021039247513,
        0.1046357974410057
      ]
    ]
  ],
  "has_inter_chain_clashes": false,
  "chain_chain_clashes": [
    [
      [
        0,
        0,
        0
      ],
      [
        0,
        0,
        0
      ],
      [
        0,
        0,
        0
      ]
    ]
  ]
}