{
  "aggregate_score": 0.9018123149871826,
  "ptm": 0.9295845031738281,
  "iptm": 0.8948692679405212,
  "per_chain_ptm": [
    [
      0.8946228623390198,
      0.9466390609741211,
      0.10490579903125763
    ]
  ],
  "per_chain_pair_iptm": [
    [
      [
        0.8946228623390198,
        0.8919891119003296,
        0.02685222215950489
      ],
      [
        0.905992329120636,
        0.9466390609741211,
        0.021687734872102737
      ],
      [
        0.20079469680786133,
        0.07613937556743622,
        0.10490579903125763
      ]
    ]
  ],
  "has_inter_chain_clashes": false,
  "chain_chain_clashes": [
    [
      [
        0,
        0,
        0
      ],
      [
        0,
        0,
        0
      ],
      [
        0,
        0,
        0
      ]
    ]
  ]
}