{
  "aggregate_score": 0.8814811110496521,
  "ptm": 0.9126147627830505,
  "iptm": 0.8736976981163025,
  "per_chain_ptm": [
    [
      0.8917186856269836,
      0.9448137283325195,
      0.3965458869934082
    ]
  ],
  "per_chain_pair_iptm": [
    [
      [
        0.8917186856269836,
        0.8893250226974487,
        0.029559385031461716
      ],
      [
        0.9023603796958923,
        0.9448137283325195,
        0.02965697832405567
      ],
      [
        0.1811758577823639,
        0.0913495346903801,
        0.3965458869934082
      ]
    ]
  ],
  "has_inter_chain_clashes": false,
  "chain_chain_clashes": [
    [
      [
        0,
        0,
        0
      ],
      [
        0,
        0,
        0
      ],
      [
        0,
        0,
        0
      ]
    ]
  ]
}