{
  "aggregate_score": 0.8799727559089661,
  "ptm": 0.911390483379364,
  "iptm": 0.8721182942390442,
  "per_chain_ptm": [
    [
      0.8900080323219299,
      0.9457353949546814,
      0.40056273341178894
    ]
  ],
  "per_chain_pair_iptm": [
    [
      [
        0.8900080323219299,
        0.8899059295654297,
        0.026482190936803818
      ],
      [
        0.9019891619682312,
        0.9457353949546814,
        0.02748187817633152
      ],
      [
        0.169220969080925,
        0.07735827565193176,
        0.40056273341178894
      ]
    ]
  ],
  "has_inter_chain_clashes": false,
  "chain_chain_clashes": [
    [
      [
        0,
        0,
        0
      ],
      [
        0,
        0,
        0
      ],
      [
        0,
        0,
        0
      ]
    ]
  ]
}