{
  "aggregate_score": 0.8823067545890808,
  "ptm": 0.9133374094963074,
  "iptm": 0.8745490908622742,
  "per_chain_ptm": [
    [
      0.8904090523719788,
      0.9447879791259766,
      0.3954569101333618
    ]
  ],
  "per_chain_pair_iptm": [
    [
      [
        0.8904090523719788,
        0.8897278308868408,
        0.028706278651952744
      ],
      [
        0.9025751948356628,
        0.9447879791259766,
        0.03125849738717079
      ],
      [
        0.18256646394729614,
        0.09546777606010437,
        0.3954569101333618
      ]
    ]
  ],
  "has_inter_chain_clashes": false,
  "chain_chain_clashes": [
    [
      [
        0,
        0,
        0
      ],
      [
        0,
        0,
        0
      ],
      [
        0,
        0,
        0
      ]
    ]
  ]
}