{
  "aggregate_score": 0.8818222880363464,
  "ptm": 0.9129869937896729,
  "iptm": 0.8740310668945312,
  "per_chain_ptm": [
    [
      0.8904529809951782,
      0.9454031586647034,
      0.3988478183746338
    ]
  ],
  "per_chain_pair_iptm": [
    [
      [
        0.8904529809951782,
        0.890088677406311,
        0.027808096259832382
      ],
      [
        0.902624785900116,
        0.9454031586647034,
        0.029662596061825752
      ],
      [
        0.18033179640769958,
        0.09261299669742584,
        0.3988478183746338
      ]
    ]
  ],
  "has_inter_chain_clashes": false,
  "chain_chain_clashes": [
    [
      [
        0,
        0,
        0
      ],
      [
        0,
        0,
        0
      ],
      [
        0,
        0,
        0
      ]
    ]
  ]
}