{
  "aggregate_score": 0.8805177211761475,
  "ptm": 0.9118233323097229,
  "iptm": 0.87269127368927,
  "per_chain_ptm": [
    [
      0.8915925025939941,
      0.9455939531326294,
      0.40112125873565674
    ]
  ],
  "per_chain_pair_iptm": [
    [
      [
        0.8915925025939941,
        0.8897659778594971,
        0.026595421135425568
      ],
      [
        0.902794361114502,
        0.9455939531326294,
        0.02779044210910797
      ],
      [
        0.1692703664302826,
        0.0762786939740181,
        0.40112125873565674
      ]
    ]
  ],
  "has_inter_chain_clashes": false,
  "chain_chain_clashes": [
    [
      [
        0,
        0,
        0
      ],
      [
        0,
        0,
        0
      ],
      [
        0,
        0,
        0
      ]
    ]
  ]
}