{
  "aggregate_score": 0.8936148881912231,
  "ptm": 0.9206767678260803,
  "iptm": 0.8868494033813477,
  "per_chain_ptm": [
    [
      0.91208815574646,
      0.9488082528114319,
      0.3752927780151367
    ]
  ],
  "per_chain_pair_iptm": [
    [
      [
        0.91208815574646,
        0.9026407599449158,
        0.36663752794265747
      ],
      [
        0.9172244668006897,
        0.9488082528114319,
        0.3231657147407532
      ],
      [
        0.24144035577774048,
        0.11760398745536804,
        0.3752927780151367
      ]
    ]
  ],
  "has_inter_chain_clashes": false,
  "chain_chain_clashes": [
    [
      [
        0,
        0,
        0
      ],
      [
        0,
        0,
        0
      ],
      [
        0,
        0,
        0
      ]
    ]
  ]
}