{
  "aggregate_score": 0.8932847380638123,
  "ptm": 0.9206863641738892,
  "iptm": 0.8864343166351318,
  "per_chain_ptm": [
    [
      0.9120720028877258,
      0.9492217898368835,
      0.37621718645095825
    ]
  ],
  "per_chain_pair_iptm": [
    [
      [
        0.9120720028877258,
        0.9028657674789429,
        0.3672862648963928
      ],
      [
        0.9170882105827332,
        0.9492217898368835,
        0.32263249158859253
      ],
      [
        0.2529875934123993,
        0.12362535297870636,
        0.37621718645095825
      ]
    ]
  ],
  "has_inter_chain_clashes": false,
  "chain_chain_clashes": [
    [
      [
        0,
        0,
        0
      ],
      [
        0,
        0,
        0
      ],
      [
        0,
        0,
        0
      ]
    ]
  ]
}