{
  "aggregate_score": 0.8927978277206421,
  "ptm": 0.9209835529327393,
  "iptm": 0.8857513666152954,
  "per_chain_ptm": [
    [
      0.9119917154312134,
      0.9486582279205322,
      0.37292635440826416
    ]
  ],
  "per_chain_pair_iptm": [
    [
      [
        0.9119917154312134,
        0.9017509818077087,
        0.3650077283382416
      ],
      [
        0.9165787696838379,
        0.9486582279205322,
        0.32213711738586426
      ],
      [
        0.2379433512687683,
        0.11324561387300491,
        0.37292635440826416
      ]
    ]
  ],
  "has_inter_chain_clashes": false,
  "chain_chain_clashes": [
    [
      [
        0,
        0,
        0
      ],
      [
        0,
        0,
        0
      ],
      [
        0,
        0,
        0
      ]
    ]
  ]
}