{
  "aggregate_score": 0.8925992250442505,
  "ptm": 0.9208019971847534,
  "iptm": 0.88554847240448,
  "per_chain_ptm": [
    [
      0.9122063517570496,
      0.9487605094909668,
      0.37456589937210083
    ]
  ],
  "per_chain_pair_iptm": [
    [
      [
        0.9122063517570496,
        0.9023815989494324,
        0.35532787442207336
      ],
      [
        0.9169900417327881,
        0.9487605094909668,
        0.3186420798301697
      ],
      [
        0.24822022020816803,
        0.12559938430786133,
        0.37456589937210083
      ]
    ]
  ],
  "has_inter_chain_clashes": false,
  "chain_chain_clashes": [
    [
      [
        0,
        0,
        0
      ],
      [
        0,
        0,
        0
      ],
      [
        0,
        0,
        0
      ]
    ]
  ]
}