{
  "aggregate_score": 0.8934857249259949,
  "ptm": 0.9214965105056763,
  "iptm": 0.8864830136299133,
  "per_chain_ptm": [
    [
      0.9125910997390747,
      0.9492632150650024,
      0.37420734763145447
    ]
  ],
  "per_chain_pair_iptm": [
    [
      [
        0.9125910997390747,
        0.9018580317497253,
        0.3625764846801758
      ],
      [
        0.9175264239311218,
        0.9492632150650024,
        0.3219897747039795
      ],
      [
        0.239023357629776,
        0.1149866133928299,
        0.37420734763145447
      ]
    ]
  ],
  "has_inter_chain_clashes": false,
  "chain_chain_clashes": [
    [
      [
        0,
        0,
        0
      ],
      [
        0,
        0,
        0
      ],
      [
        0,
        0,
        0
      ]
    ]
  ]
}