{
  "aggregate_score": 0.8841065764427185,
  "ptm": 0.9078406691551208,
  "iptm": 0.8781729936599731,
  "per_chain_ptm": [
    [
      0.910308301448822,
      0.9453520178794861,
      0.4131097197532654
    ]
  ],
  "per_chain_pair_iptm": [
    [
      [
        0.910308301448822,
        0.8948399424552917,
        0.3117096424102783
      ],
      [
        0.9204533100128174,
        0.9453520178794861,
        0.29553651809692383
      ],
      [
        0.26086509227752686,
        0.1401643455028534,
        0.4131097197532654
      ]
    ]
  ],
  "has_inter_chain_clashes": false,
  "chain_chain_clashes": [
    [
      [
        0,
        0,
        0
      ],
      [
        0,
        0,
        0
      ],
      [
        0,
        0,
        0
      ]
    ]
  ]
}