{
  "aggregate_score": 0.8847460746765137,
  "ptm": 0.9083390235900879,
  "iptm": 0.8788478374481201,
  "per_chain_ptm": [
    [
      0.9099715948104858,
      0.9451279044151306,
      0.41389554738998413
    ]
  ],
  "per_chain_pair_iptm": [
    [
      [
        0.9099715948104858,
        0.8947465419769287,
        0.316500723361969
      ],
      [
        0.9204596877098083,
        0.9451279044151306,
        0.299422025680542
      ],
      [
        0.261507123708725,
        0.13982439041137695,
        0.41389554738998413
      ]
    ]
  ],
  "has_inter_chain_clashes": false,
  "chain_chain_clashes": [
    [
      [
        0,
        0,
        0
      ],
      [
        0,
        0,
        0
      ],
      [
        0,
        0,
        0
      ]
    ]
  ]
}