{
  "aggregate_score": 0.8850651979446411,
  "ptm": 0.9085668325424194,
  "iptm": 0.8791897892951965,
  "per_chain_ptm": [
    [
      0.9128311276435852,
      0.9451538324356079,
      0.41204530000686646
    ]
  ],
  "per_chain_pair_iptm": [
    [
      [
        0.9128311276435852,
        0.8960840106010437,
        0.30618423223495483
      ],
      [
        0.9222841858863831,
        0.9451538324356079,
        0.2917810082435608
      ],
      [
        0.25494760274887085,
        0.13546130061149597,
        0.41204530000686646
      ]
    ]
  ],
  "has_inter_chain_clashes": false,
  "chain_chain_clashes": [
    [
      [
        0,
        0,
        0
      ],
      [
        0,
        0,
        0
      ],
      [
        0,
        0,
        0
      ]
    ]
  ]
}