{
  "aggregate_score": 0.8842500448226929,
  "ptm": 0.9078834056854248,
  "iptm": 0.8783417344093323,
  "per_chain_ptm": [
    [
      0.9097688794136047,
      0.9453434348106384,
      0.4136066138744354
    ]
  ],
  "per_chain_pair_iptm": [
    [
      [
        0.9097688794136047,
        0.8949940204620361,
        0.31282225251197815
      ],
      [
        0.9204714894294739,
        0.9453434348106384,
        0.29636844992637634
      ],
      [
        0.2590606212615967,
        0.14015130698680878,
        0.4136066138744354
      ]
    ]
  ],
  "has_inter_chain_clashes": false,
  "chain_chain_clashes": [
    [
      [
        0,
        0,
        0
      ],
      [
        0,
        0,
        0
      ],
      [
        0,
        0,
        0
      ]
    ]
  ]
}