{
  "aggregate_score": 0.8846825957298279,
  "ptm": 0.9082809090614319,
  "iptm": 0.8787829875946045,
  "per_chain_ptm": [
    [
      0.9097734689712524,
      0.9454238414764404,
      0.4131818115711212
    ]
  ],
  "per_chain_pair_iptm": [
    [
      [
        0.9097734689712524,
        0.895441472530365,
        0.31082862615585327
      ],
      [
        0.9212796092033386,
        0.9454238414764404,
        0.2945570945739746
      ],
      [
        0.25916796922683716,
        0.13894543051719666,
        0.4131818115711212
      ]
    ]
  ],
  "has_inter_chain_clashes": false,
  "chain_chain_clashes": [
    [
      [
        0,
        0,
        0
      ],
      [
        0,
        0,
        0
      ],
      [
        0,
        0,
        0
      ]
    ]
  ]
}