{
  "aggregate_score": 0.8359946012496948,
  "ptm": 0.8741344213485718,
  "iptm": 0.8264595866203308,
  "per_chain_ptm": [
    [
      0.914465606212616,
      0.9453465342521667,
      0.3126838803291321
    ]
  ],
  "per_chain_pair_iptm": [
    [
      [
        0.914465606212616,
        0.8918407559394836,
        0.3189869821071625
      ],
      [
        0.9231862425804138,
        0.9453465342521667,
        0.3270537257194519
      ],
      [
        0.24241863191127777,
        0.10920319706201553,
        0.3126838803291321
      ]
    ]
  ],
  "has_inter_chain_clashes": false,
  "chain_chain_clashes": [
    [
      [
        0,
        0,
        0
      ],
      [
        0,
        0,
        0
      ],
      [
        0,
        0,
        0
      ]
    ]
  ]
}