{
  "aggregate_score": 0.8363358378410339,
  "ptm": 0.8744040727615356,
  "iptm": 0.8268187642097473,
  "per_chain_ptm": [
    [
      0.914787232875824,
      0.945398211479187,
      0.31206631660461426
    ]
  ],
  "per_chain_pair_iptm": [
    [
      [
        0.914787232875824,
        0.8924479484558105,
        0.3210308253765106
      ],
      [
        0.9231950640678406,
        0.945398211479187,
        0.32060307264328003
      ],
      [
        0.2423613965511322,
        0.10916537791490555,
        0.31206631660461426
      ]
    ]
  ],
  "has_inter_chain_clashes": false,
  "chain_chain_clashes": [
    [
      [
        0,
        0,
        0
      ],
      [
        0,
        0,
        0
      ],
      [
        0,
        0,
        0
      ]
    ]
  ]
}