{
  "aggregate_score": 0.8328626751899719,
  "ptm": 0.8716853857040405,
  "iptm": 0.8231569528579712,
  "per_chain_ptm": [
    [
      0.9142929315567017,
      0.9459298849105835,
      0.3090571165084839
    ]
  ],
  "per_chain_pair_iptm": [
    [
      [
        0.9142929315567017,
        0.891960859298706,
        0.3058764934539795
      ],
      [
        0.9231036305427551,
        0.9459298849105835,
        0.31274765729904175
      ],
      [
        0.2397719770669937,
        0.111409991979599,
        0.3090571165084839
      ]
    ]
  ],
  "has_inter_chain_clashes": false,
  "chain_chain_clashes": [
    [
      [
        0,
        0,
        0
      ],
      [
        0,
        0,
        0
      ],
      [
        0,
        0,
        0
      ]
    ]
  ]
}