{
  "aggregate_score": 0.8309956789016724,
  "ptm": 0.8701525330543518,
  "iptm": 0.8212065100669861,
  "per_chain_ptm": [
    [
      0.9140945076942444,
      0.9459579586982727,
      0.30893421173095703
    ]
  ],
  "per_chain_pair_iptm": [
    [
      [
        0.9140945076942444,
        0.8934493660926819,
        0.29708725214004517
      ],
      [
        0.9230426549911499,
        0.9459579586982727,
        0.30307283997535706
      ],
      [
        0.2377622276544571,
        0.11112141609191895,
        0.30893421173095703
      ]
    ]
  ],
  "has_inter_chain_clashes": false,
  "chain_chain_clashes": [
    [
      [
        0,
        0,
        0
      ],
      [
        0,
        0,
        0
      ],
      [
        0,
        0,
        0
      ]
    ]
  ]
}