{
  "aggregate_score": 0.8350845575332642,
  "ptm": 0.8733941316604614,
  "iptm": 0.8255071640014648,
  "per_chain_ptm": [
    [
      0.9142339825630188,
      0.9458051919937134,
      0.31172800064086914
    ]
  ],
  "per_chain_pair_iptm": [
    [
      [
        0.9142339825630188,
        0.8929409980773926,
        0.3149638772010803
      ],
      [
        0.9230456352233887,
        0.9458051919937134,
        0.32163920998573303
      ],
      [
        0.23966071009635925,
        0.10878446698188782,
        0.31172800064086914
      ]
    ]
  ],
  "has_inter_chain_clashes": false,
  "chain_chain_clashes": [
    [
      [
        0,
        0,
        0
      ],
      [
        0,
        0,
        0
      ],
      [
        0,
        0,
        0
      ]
    ]
  ]
}