{
  "aggregate_score": 0.9238339066505432,
  "ptm": 0.9413308501243591,
  "iptm": 0.9194597005844116,
  "per_chain_ptm": [
    [
      0.9451844692230225,
      0.9163023233413696,
      0.4981769621372223
    ]
  ],
  "per_chain_pair_iptm": [
    [
      [
        0.9451844692230225,
        0.9266599416732788,
        0.4975590705871582
      ],
      [
        0.8904547095298767,
        0.9163023233413696,
        0.5696757435798645
      ],
      [
        0.2602504789829254,
        0.4469281733036041,
        0.4981769621372223
      ]
    ]
  ],
  "has_inter_chain_clashes": false,
  "chain_chain_clashes": [
    [
      [
        0,
        0,
        0
      ],
      [
        0,
        0,
        0
      ],
      [
        0,
        0,
        0
      ]
    ]
  ]
}