{
  "aggregate_score": 0.9245615601539612,
  "ptm": 0.9419289231300354,
  "iptm": 0.9202197194099426,
  "per_chain_ptm": [
    [
      0.9450031518936157,
      0.9162396192550659,
      0.4937247335910797
    ]
  ],
  "per_chain_pair_iptm": [
    [
      [
        0.9450031518936157,
        0.9263657331466675,
        0.506641685962677
      ],
      [
        0.8891908526420593,
        0.9162396192550659,
        0.5707889199256897
      ],
      [
        0.22157831490039825,
        0.37832221388816833,
        0.4937247335910797
      ]
    ]
  ],
  "has_inter_chain_clashes": false,
  "chain_chain_clashes": [
    [
      [
        0,
        0,
        0
      ],
      [
        0,
        0,
        0
      ],
      [
        0,
        0,
        0
      ]
    ]
  ]
}