{
  "aggregate_score": 0.9230616092681885,
  "ptm": 0.9408723711967468,
  "iptm": 0.9186089038848877,
  "per_chain_ptm": [
    [
      0.9451788663864136,
      0.9169766902923584,
      0.4919552206993103
    ]
  ],
  "per_chain_pair_iptm": [
    [
      [
        0.9451788663864136,
        0.9262776970863342,
        0.4907437562942505
      ],
      [
        0.8907018899917603,
        0.9169766902923584,
        0.5562587380409241
      ],
      [
        0.24064822494983673,
        0.39620837569236755,
        0.4919552206993103
      ]
    ]
  ],
  "has_inter_chain_clashes": false,
  "chain_chain_clashes": [
    [
      [
        0,
        0,
        0
      ],
      [
        0,
        0,
        0
      ],
      [
        0,
        0,
        0
      ]
    ]
  ]
}