{
  "aggregate_score": 0.923626720905304,
  "ptm": 0.9412702918052673,
  "iptm": 0.9192157983779907,
  "per_chain_ptm": [
    [
      0.946789026260376,
      0.9174636602401733,
      0.502830982208252
    ]
  ],
  "per_chain_pair_iptm": [
    [
      [
        0.946789026260376,
        0.9264318943023682,
        0.4984491467475891
      ],
      [
        0.8908489346504211,
        0.9174636602401733,
        0.5698500275611877
      ],
      [
        0.25991392135620117,
        0.45101356506347656,
        0.502830982208252
      ]
    ]
  ],
  "has_inter_chain_clashes": false,
  "chain_chain_clashes": [
    [
      [
        0,
        0,
        0
      ],
      [
        0,
        0,
        0
      ],
      [
        0,
        0,
        0
      ]
    ]
  ]
}