{
  "aggregate_score": 0.9245779514312744,
  "ptm": 0.9419124722480774,
  "iptm": 0.9202442765235901,
  "per_chain_ptm": [
    [
      0.9462801218032837,
      0.916703999042511,
      0.4973834455013275
    ]
  ],
  "per_chain_pair_iptm": [
    [
      [
        0.9462801218032837,
        0.9263830780982971,
        0.5069406032562256
      ],
      [
        0.8904130458831787,
        0.916703999042511,
        0.5746219158172607
      ],
      [
        0.22387151420116425,
        0.38583099842071533,
        0.4973834455013275
      ]
    ]
  ],
  "has_inter_chain_clashes": false,
  "chain_chain_clashes": [
    [
      [
        0,
        0,
        0
      ],
      [
        0,
        0,
        0
      ],
      [
        0,
        0,
        0
      ]
    ]
  ]
}