{
  "aggregate_score": 0.8746827840805054,
  "ptm": 0.9020813703536987,
  "iptm": 0.8678330779075623,
  "per_chain_ptm": [
    [
      0.9021017551422119,
      0.9413260221481323,
      0.8369537591934204
    ]
  ],
  "per_chain_pair_iptm": [
    [
      [
        0.9021017551422119,
        0.8872581124305725,
        0.1426457166671753
      ],
      [
        0.9071126580238342,
        0.9413260221481323,
        0.1264050304889679
      ],
      [
        0.2423815131187439,
        0.1301805078983307,
        0.8369537591934204
      ]
    ]
  ],
  "has_inter_chain_clashes": false,
  "chain_chain_clashes": [
    [
      [
        0,
        0,
        0
      ],
      [
        0,
        0,
        0
      ],
      [
        0,
        0,
        0
      ]
    ]
  ]
}