{
  "aggregate_score": 0.8738890290260315,
  "ptm": 0.9014790058135986,
  "iptm": 0.8669914603233337,
  "per_chain_ptm": [
    [
      0.9011128544807434,
      0.9416218996047974,
      0.8355816602706909
    ]
  ],
  "per_chain_pair_iptm": [
    [
      [
        0.9011128544807434,
        0.8869361877441406,
        0.14327655732631683
      ],
      [
        0.9062835574150085,
        0.9416218996047974,
        0.12094803154468536
      ],
      [
        0.2383798360824585,
        0.12947942316532135,
        0.8355816602706909
      ]
    ]
  ],
  "has_inter_chain_clashes": false,
  "chain_chain_clashes": [
    [
      [
        0,
        0,
        0
      ],
      [
        0,
        0,
        0
      ],
      [
        0,
        0,
        0
      ]
    ]
  ]
}