{
  "aggregate_score": 0.8753929138183594,
  "ptm": 0.9027432799339294,
  "iptm": 0.8685553073883057,
  "per_chain_ptm": [
    [
      0.9012943506240845,
      0.9421437382698059,
      0.8369620442390442
    ]
  ],
  "per_chain_pair_iptm": [
    [
      [
        0.9012943506240845,
        0.8868396878242493,
        0.14345985651016235
      ],
      [
        0.9069510698318481,
        0.9421437382698059,
        0.13130152225494385
      ],
      [
        0.2496238350868225,
        0.1348242610692978,
        0.8369620442390442
      ]
    ]
  ],
  "has_inter_chain_clashes": false,
  "chain_chain_clashes": [
    [
      [
        0,
        0,
        0
      ],
      [
        0,
        0,
        0
      ],
      [
        0,
        0,
        0
      ]
    ]
  ]
}