{
  "aggregate_score": 0.8746148347854614,
  "ptm": 0.9020966291427612,
  "iptm": 0.8677443861961365,
  "per_chain_ptm": [
    [
      0.9016530513763428,
      0.9419935941696167,
      0.8372859954833984
    ]
  ],
  "per_chain_pair_iptm": [
    [
      [
        0.9016530513763428,
        0.8878418803215027,
        0.14244678616523743
      ],
      [
        0.906766414642334,
        0.9419935941696167,
        0.12474849820137024
      ],
      [
        0.24596433341503143,
        0.12935572862625122,
        0.8372859954833984
      ]
    ]
  ],
  "has_inter_chain_clashes": false,
  "chain_chain_clashes": [
    [
      [
        0,
        0,
        0
      ],
      [
        0,
        0,
        0
      ],
      [
        0,
        0,
        0
      ]
    ]
  ]
}