{
  "aggregate_score": 0.8756240010261536,
  "ptm": 0.9028521776199341,
  "iptm": 0.8688169717788696,
  "per_chain_ptm": [
    [
      0.9012775421142578,
      0.9414622187614441,
      0.8365929126739502
    ]
  ],
  "per_chain_pair_iptm": [
    [
      [
        0.9012775421142578,
        0.8864193558692932,
        0.14599932730197906
      ],
      [
        0.9067627191543579,
        0.9414622187614441,
        0.1271410882472992
      ],
      [
        0.24992148578166962,
        0.12906944751739502,
        0.8365929126739502
      ]
    ]
  ],
  "has_inter_chain_clashes": false,
  "chain_chain_clashes": [
    [
      [
        0,
        0,
        0
      ],
      [
        0,
        0,
        0
      ],
      [
        0,
        0,
        0
      ]
    ]
  ]
}