{
  "aggregate_score": 0.9127345085144043,
  "ptm": 0.9320904612541199,
  "iptm": 0.9078954458236694,
  "per_chain_ptm": [
    [
      0.9141840934753418,
      0.9448150396347046,
      0.6926194429397583
    ]
  ],
  "per_chain_pair_iptm": [
    [
      [
        0.9141840934753418,
        0.8926004767417908,
        0.466627836227417
      ],
      [
        0.9232580661773682,
        0.9448150396347046,
        0.37420642375946045
      ],
      [
        0.436969131231308,
        0.23201115429401398,
        0.6926194429397583
      ]
    ]
  ],
  "has_inter_chain_clashes": false,
  "chain_chain_clashes": [
    [
      [
        0,
        0,
        0
      ],
      [
        0,
        0,
        0
      ],
      [
        0,
        0,
        0
      ]
    ]
  ]
}