{
  "aggregate_score": 0.9124538898468018,
  "ptm": 0.9318987131118774,
  "iptm": 0.9075926542282104,
  "per_chain_ptm": [
    [
      0.9138172268867493,
      0.9448679685592651,
      0.686416745185852
    ]
  ],
  "per_chain_pair_iptm": [
    [
      [
        0.9138172268867493,
        0.8905795812606812,
        0.46126049757003784
      ],
      [
        0.9229415059089661,
        0.9448679685592651,
        0.37255826592445374
      ],
      [
        0.4034586548805237,
        0.2131718099117279,
        0.686416745185852
      ]
    ]
  ],
  "has_inter_chain_clashes": false,
  "chain_chain_clashes": [
    [
      [
        0,
        0,
        0
      ],
      [
        0,
        0,
        0
      ],
      [
        0,
        0,
        0
      ]
    ]
  ]
}