{
  "aggregate_score": 0.9121102094650269,
  "ptm": 0.9316167235374451,
  "iptm": 0.9072335362434387,
  "per_chain_ptm": [
    [
      0.9140613079071045,
      0.9442751407623291,
      0.6910060048103333
    ]
  ],
  "per_chain_pair_iptm": [
    [
      [
        0.9140613079071045,
        0.8912786245346069,
        0.4663207530975342
      ],
      [
        0.9227843284606934,
        0.9442751407623291,
        0.3719107508659363
      ],
      [
        0.4369836747646332,
        0.2306620180606842,
        0.6910060048103333
      ]
    ]
  ],
  "has_inter_chain_clashes": false,
  "chain_chain_clashes": [
    [
      [
        0,
        0,
        0
      ],
      [
        0,
        0,
        0
      ],
      [
        0,
        0,
        0
      ]
    ]
  ]
}