{
  "aggregate_score": 0.9126590490341187,
  "ptm": 0.9320866465568542,
  "iptm": 0.9078021049499512,
  "per_chain_ptm": [
    [
      0.914058268070221,
      0.944589376449585,
      0.6850204467773438
    ]
  ],
  "per_chain_pair_iptm": [
    [
      [
        0.914058268070221,
        0.8902975916862488,
        0.46051478385925293
      ],
      [
        0.9235249757766724,
        0.944589376449585,
        0.3735758066177368
      ],
      [
        0.3975239098072052,
        0.21031077206134796,
        0.6850204467773438
      ]
    ]
  ],
  "has_inter_chain_clashes": false,
  "chain_chain_clashes": [
    [
      [
        0,
        0,
        0
      ],
      [
        0,
        0,
        0
      ],
      [
        0,
        0,
        0
      ]
    ]
  ]
}