{
  "aggregate_score": 0.9123417139053345,
  "ptm": 0.9317786693572998,
  "iptm": 0.9074825048446655,
  "per_chain_ptm": [
    [
      0.9141952395439148,
      0.9444928169250488,
      0.6908416152000427
    ]
  ],
  "per_chain_pair_iptm": [
    [
      [
        0.9141952395439148,
        0.8918213844299316,
        0.4689064621925354
      ],
      [
        0.9227818250656128,
        0.9444928169250488,
        0.3756631016731262
      ],
      [
        0.4377107322216034,
        0.23361021280288696,
        0.6908416152000427
      ]
    ]
  ],
  "has_inter_chain_clashes": false,
  "chain_chain_clashes": [
    [
      [
        0,
        0,
        0
      ],
      [
        0,
        0,
        0
      ],
      [
        0,
        0,
        0
      ]
    ]
  ]
}