{
  "aggregate_score": 0.9401566386222839,
  "ptm": 0.9558718800544739,
  "iptm": 0.9362277984619141,
  "per_chain_ptm": [
    [
      0.9192452430725098,
      0.9435636401176453,
      0.8505577445030212
    ]
  ],
  "per_chain_pair_iptm": [
    [
      [
        0.9192452430725098,
        0.8840428590774536,
        0.8699139952659607
      ],
      [
        0.9267951250076294,
        0.9435636401176453,
        0.7619308233261108
      ],
      [
        0.7948124408721924,
        0.5484378337860107,
        0.8505577445030212
      ]
    ]
  ],
  "has_inter_chain_clashes": false,
  "chain_chain_clashes": [
    [
      [
        0,
        0,
        0
      ],
      [
        0,
        0,
        0
      ],
      [
        0,
        0,
        0
      ]
    ]
  ]
}