{
  "aggregate_score": 0.9398736357688904,
  "ptm": 0.9556399583816528,
  "iptm": 0.9359319806098938,
  "per_chain_ptm": [
    [
      0.9191261529922485,
      0.9436534643173218,
      0.851882815361023
    ]
  ],
  "per_chain_pair_iptm": [
    [
      [
        0.9191261529922485,
        0.8842363357543945,
        0.8693070411682129
      ],
      [
        0.9263161420822144,
        0.9436534643173218,
        0.7617806196212769
      ],
      [
        0.7928305864334106,
        0.5452758073806763,
        0.851882815361023
      ]
    ]
  ],
  "has_inter_chain_clashes": false,
  "chain_chain_clashes": [
    [
      [
        0,
        0,
        0
      ],
      [
        0,
        0,
        0
      ],
      [
        0,
        0,
        0
      ]
    ]
  ]
}