{
  "aggregate_score": 0.9402463436126709,
  "ptm": 0.9559179544448853,
  "iptm": 0.9363284707069397,
  "per_chain_ptm": [
    [
      0.9191745519638062,
      0.9438034892082214,
      0.8470617532730103
    ]
  ],
  "per_chain_pair_iptm": [
    [
      [
        0.9191745519638062,
        0.884035587310791,
        0.8679697513580322
      ],
      [
        0.9267876148223877,
        0.9438034892082214,
        0.7599802017211914
      ],
      [
        0.7910550236701965,
        0.5416929721832275,
        0.8470617532730103
      ]
    ]
  ],
  "has_inter_chain_clashes": false,
  "chain_chain_clashes": [
    [
      [
        0,
        0,
        0
      ],
      [
        0,
        0,
        0
      ],
      [
        0,
        0,
        0
      ]
    ]
  ]
}