{
  "aggregate_score": 0.9403680562973022,
  "ptm": 0.9560486078262329,
  "iptm": 0.9364479184150696,
  "per_chain_ptm": [
    [
      0.9189798831939697,
      0.9440377354621887,
      0.8493435978889465
    ]
  ],
  "per_chain_pair_iptm": [
    [
      [
        0.9189798831939697,
        0.884549081325531,
        0.8682494163513184
      ],
      [
        0.9269641637802124,
        0.9440377354621887,
        0.762515127658844
      ],
      [
        0.7934112548828125,
        0.5452899932861328,
        0.8493435978889465
      ]
    ]
  ],
  "has_inter_chain_clashes": false,
  "chain_chain_clashes": [
    [
      [
        0,
        0,
        0
      ],
      [
        0,
        0,
        0
      ],
      [
        0,
        0,
        0
      ]
    ]
  ]
}