{
  "aggregate_score": 0.940326988697052,
  "ptm": 0.9559966921806335,
  "iptm": 0.9364095330238342,
  "per_chain_ptm": [
    [
      0.9193150997161865,
      0.9434710144996643,
      0.8467084169387817
    ]
  ],
  "per_chain_pair_iptm": [
    [
      [
        0.9193150997161865,
        0.8832283616065979,
        0.8684879541397095
      ],
      [
        0.926935076713562,
        0.9434710144996643,
        0.7625432014465332
      ],
      [
        0.7909243106842041,
        0.5404539108276367,
        0.8467084169387817
      ]
    ]
  ],
  "has_inter_chain_clashes": false,
  "chain_chain_clashes": [
    [
      [
        0,
        0,
        0
      ],
      [
        0,
        0,
        0
      ],
      [
        0,
        0,
        0
      ]
    ]
  ]
}