{
  "aggregate_score": 0.9235880374908447,
  "ptm": 0.9415794610977173,
  "iptm": 0.919090211391449,
  "per_chain_ptm": [
    [
      0.9155254364013672,
      0.9461556673049927,
      0.10868358612060547
    ]
  ],
  "per_chain_pair_iptm": [
    [
      [
        0.9155254364013672,
        0.8916391134262085,
        0.04072137549519539
      ],
      [
        0.924390435218811,
        0.9461556673049927,
        0.03050979971885681
      ],
      [
        0.2236977219581604,
        0.09383586049079895,
        0.10868358612060547
      ]
    ]
  ],
  "has_inter_chain_clashes": false,
  "chain_chain_clashes": [
    [
      [
        0,
        0,
        0
      ],
      [
        0,
        0,
        0
      ],
      [
        0,
        0,
        0
      ]
    ]
  ]
}