{
  "aggregate_score": 0.9234575033187866,
  "ptm": 0.9414691925048828,
  "iptm": 0.9189544916152954,
  "per_chain_ptm": [
    [
      0.9157102108001709,
      0.9459283351898193,
      0.10844823718070984
    ]
  ],
  "per_chain_pair_iptm": [
    [
      [
        0.9157102108001709,
        0.8918275237083435,
        0.041327573359012604
      ],
      [
        0.9240710735321045,
        0.9459283351898193,
        0.030855299904942513
      ],
      [
        0.22345824539661407,
        0.09368482977151871,
        0.10844823718070984
      ]
    ]
  ],
  "has_inter_chain_clashes": false,
  "chain_chain_clashes": [
    [
      [
        0,
        0,
        0
      ],
      [
        0,
        0,
        0
      ],
      [
        0,
        0,
        0
      ]
    ]
  ]
}