{
  "aggregate_score": 0.9233971834182739,
  "ptm": 0.941417932510376,
  "iptm": 0.9188920259475708,
  "per_chain_ptm": [
    [
      0.9153929948806763,
      0.9459271430969238,
      0.10817845910787582
    ]
  ],
  "per_chain_pair_iptm": [
    [
      [
        0.9153929948806763,
        0.8918018937110901,
        0.04084732383489609
      ],
      [
        0.9240403771400452,
        0.9459271430969238,
        0.030803238973021507
      ],
      [
        0.22487439215183258,
        0.09565930813550949,
        0.10817845910787582
      ]
    ]
  ],
  "has_inter_chain_clashes": false,
  "chain_chain_clashes": [
    [
      [
        0,
        0,
        0
      ],
      [
        0,
        0,
        0
      ],
      [
        0,
        0,
        0
      ]
    ]
  ]
}