{
  "aggregate_score": 0.9230213165283203,
  "ptm": 0.941170871257782,
  "iptm": 0.9184839725494385,
  "per_chain_ptm": [
    [
      0.9146977066993713,
      0.9457682371139526,
      0.10866833478212357
    ]
  ],
  "per_chain_pair_iptm": [
    [
      [
        0.9146977066993713,
        0.8901675939559937,
        0.04047089442610741
      ],
      [
        0.9236307740211487,
        0.9457682371139526,
        0.030718976631760597
      ],
      [
        0.22482115030288696,
        0.09496371448040009,
        0.10866833478212357
      ]
    ]
  ],
  "has_inter_chain_clashes": false,
  "chain_chain_clashes": [
    [
      [
        0,
        0,
        0
      ],
      [
        0,
        0,
        0
      ],
      [
        0,
        0,
        0
      ]
    ]
  ]
}