{
  "aggregate_score": 0.9235155582427979,
  "ptm": 0.941530168056488,
  "iptm": 0.9190118908882141,
  "per_chain_ptm": [
    [
      0.9157705903053284,
      0.9455722570419312,
      0.10840392857789993
    ]
  ],
  "per_chain_pair_iptm": [
    [
      [
        0.9157705903053284,
        0.8908496499061584,
        0.041129156947135925
      ],
      [
        0.9242604970932007,
        0.9455722570419312,
        0.030556807294487953
      ],
      [
        0.22350957989692688,
        0.094539575278759,
        0.10840392857789993
      ]
    ]
  ],
  "has_inter_chain_clashes": false,
  "chain_chain_clashes": [
    [
      [
        0,
        0,
        0
      ],
      [
        0,
        0,
        0
      ],
      [
        0,
        0,
        0
      ]
    ]
  ]
}