{
  "aggregate_score": 0.867598831653595,
  "ptm": 0.9005308747291565,
  "iptm": 0.8593658208847046,
  "per_chain_ptm": [
    [
      0.8941327929496765,
      0.9465324878692627,
      0.39397361874580383
    ]
  ],
  "per_chain_pair_iptm": [
    [
      [
        0.8941327929496765,
        0.8930543065071106,
        0.27061501145362854
      ],
      [
        0.9070377349853516,
        0.9465324878692627,
        0.2605343461036682
      ],
      [
        0.21797992289066315,
        0.11478842794895172,
        0.39397361874580383
      ]
    ]
  ],
  "has_inter_chain_clashes": false,
  "chain_chain_clashes": [
    [
      [
        0,
        0,
        0
      ],
      [
        0,
        0,
        0
      ],
      [
        0,
        0,
        0
      ]
    ]
  ]
}