{
  "aggregate_score": 0.8673927187919617,
  "ptm": 0.9004360437393188,
  "iptm": 0.8591318726539612,
  "per_chain_ptm": [
    [
      0.8943376541137695,
      0.9467949867248535,
      0.3936740458011627
    ]
  ],
  "per_chain_pair_iptm": [
    [
      [
        0.8943376541137695,
        0.8929089307785034,
        0.2665131092071533
      ],
      [
        0.9065543413162231,
        0.9467949867248535,
        0.2585993707180023
      ],
      [
        0.21704965829849243,
        0.1148109883069992,
        0.3936740458011627
      ]
    ]
  ],
  "has_inter_chain_clashes": false,
  "chain_chain_clashes": [
    [
      [
        0,
        0,
        0
      ],
      [
        0,
        0,
        0
      ],
      [
        0,
        0,
        0
      ]
    ]
  ]
}