{
  "aggregate_score": 0.8676155209541321,
  "ptm": 0.9005874395370483,
  "iptm": 0.8593724966049194,
  "per_chain_ptm": [
    [
      0.8949368000030518,
      0.9476621747016907,
      0.39204221963882446
    ]
  ],
  "per_chain_pair_iptm": [
    [
      [
        0.8949368000030518,
        0.893762469291687,
        0.2595527768135071
      ],
      [
        0.9075827598571777,
        0.9476621747016907,
        0.2502654194831848
      ],
      [
        0.21397098898887634,
        0.11294421553611755,
        0.39204221963882446
      ]
    ]
  ],
  "has_inter_chain_clashes": false,
  "chain_chain_clashes": [
    [
      [
        0,
        0,
        0
      ],
      [
        0,
        0,
        0
      ],
      [
        0,
        0,
        0
      ]
    ]
  ]
}