{
  "aggregate_score": 0.8684908151626587,
  "ptm": 0.9012528657913208,
  "iptm": 0.8603002429008484,
  "per_chain_ptm": [
    [
      0.8953319787979126,
      0.9464926719665527,
      0.3918744921684265
    ]
  ],
  "per_chain_pair_iptm": [
    [
      [
        0.8953319787979126,
        0.8939622640609741,
        0.26308611035346985
      ],
      [
        0.9083966016769409,
        0.9464926719665527,
        0.2536788880825043
      ],
      [
        0.21354351937770844,
        0.1118801012635231,
        0.3918744921684265
      ]
    ]
  ],
  "has_inter_chain_clashes": false,
  "chain_chain_clashes": [
    [
      [
        0,
        0,
        0
      ],
      [
        0,
        0,
        0
      ],
      [
        0,
        0,
        0
      ]
    ]
  ]
}