{
  "aggregate_score": 0.8675509095191956,
  "ptm": 0.9006115794181824,
  "iptm": 0.8592857122421265,
  "per_chain_ptm": [
    [
      0.8957645893096924,
      0.9468306303024292,
      0.39215996861457825
    ]
  ],
  "per_chain_pair_iptm": [
    [
      [
        0.8957645893096924,
        0.8938978314399719,
        0.2650631070137024
      ],
      [
        0.9081655740737915,
        0.9468306303024292,
        0.2520686388015747
      ],
      [
        0.21359148621559143,
        0.1112273707985878,
        0.39215996861457825
      ]
    ]
  ],
  "has_inter_chain_clashes": false,
  "chain_chain_clashes": [
    [
      [
        0,
        0,
        0
      ],
      [
        0,
        0,
        0
      ],
      [
        0,
        0,
        0
      ]
    ]
  ]
}