{
  "aggregate_score": 0.9006507396697998,
  "ptm": 0.9241322875022888,
  "iptm": 0.8947803974151611,
  "per_chain_ptm": [
    [
      0.9091706871986389,
      0.9480273127555847,
      0.10520081967115402
    ]
  ],
  "per_chain_pair_iptm": [
    [
      [
        0.9091706871986389,
        0.896391749382019,
        0.015121228992938995
      ],
      [
        0.9126448035240173,
        0.9480273127555847,
        0.01717437244951725
      ],
      [
        0.15314981341362,
        0.06239553540945053,
        0.10520081967115402
      ]
    ]
  ],
  "has_inter_chain_clashes": false,
  "chain_chain_clashes": [
    [
      [
        0,
        0,
        0
      ],
      [
        0,
        0,
        0
      ],
      [
        0,
        0,
        0
      ]
    ]
  ]
}