{
  "aggregate_score": 0.9011006951332092,
  "ptm": 0.9244006872177124,
  "iptm": 0.8952757120132446,
  "per_chain_ptm": [
    [
      0.9095420837402344,
      0.9472624659538269,
      0.10559415817260742
    ]
  ],
  "per_chain_pair_iptm": [
    [
      [
        0.9095420837402344,
        0.8957867622375488,
        0.01477228943258524
      ],
      [
        0.9129410982131958,
        0.9472624659538269,
        0.017565559595823288
      ],
      [
        0.15173481404781342,
        0.06163964048027992,
        0.10559415817260742
      ]
    ]
  ],
  "has_inter_chain_clashes": false,
  "chain_chain_clashes": [
    [
      [
        0,
        0,
        0
      ],
      [
        0,
        0,
        0
      ],
      [
        0,
        0,
        0
      ]
    ]
  ]
}