{
  "aggregate_score": 0.9014590978622437,
  "ptm": 0.9247057437896729,
  "iptm": 0.895647406578064,
  "per_chain_ptm": [
    [
      0.9092018604278564,
      0.9472509622573853,
      0.10505598783493042
    ]
  ],
  "per_chain_pair_iptm": [
    [
      [
        0.9092018604278564,
        0.8958511352539062,
        0.01665053889155388
      ],
      [
        0.9129145741462708,
        0.9472509622573853,
        0.01808156445622444
      ],
      [
        0.15161855518817902,
        0.061099812388420105,
        0.10505598783493042
      ]
    ]
  ],
  "has_inter_chain_clashes": false,
  "chain_chain_clashes": [
    [
      [
        0,
        0,
        0
      ],
      [
        0,
        0,
        0
      ],
      [
        0,
        0,
        0
      ]
    ]
  ]
}