{
  "aggregate_score": 0.9003182649612427,
  "ptm": 0.9239296913146973,
  "iptm": 0.8944153785705566,
  "per_chain_ptm": [
    [
      0.9084300398826599,
      0.947312593460083,
      0.10503337532281876
    ]
  ],
  "per_chain_pair_iptm": [
    [
      [
        0.9084300398826599,
        0.896006166934967,
        0.015965599566698074
      ],
      [
        0.9118375778198242,
        0.947312593460083,
        0.017341557890176773
      ],
      [
        0.15131445229053497,
        0.060673993080854416,
        0.10503337532281876
      ]
    ]
  ],
  "has_inter_chain_clashes": false,
  "chain_chain_clashes": [
    [
      [
        0,
        0,
        0
      ],
      [
        0,
        0,
        0
      ],
      [
        0,
        0,
        0
      ]
    ]
  ]
}