{
  "aggregate_score": 0.8996378183364868,
  "ptm": 0.9234126806259155,
  "iptm": 0.8936940431594849,
  "per_chain_ptm": [
    [
      0.9087691903114319,
      0.9479671120643616,
      0.1056077778339386
    ]
  ],
  "per_chain_pair_iptm": [
    [
      [
        0.9087691903114319,
        0.8965319395065308,
        0.014676803722977638
      ],
      [
        0.9121527075767517,
        0.9479671120643616,
        0.017278889194130898
      ],
      [
        0.1521148383617401,
        0.06126498803496361,
        0.1056077778339386
      ]
    ]
  ],
  "has_inter_chain_clashes": false,
  "chain_chain_clashes": [
    [
      [
        0,
        0,
        0
      ],
      [
        0,
        0,
        0
      ],
      [
        0,
        0,
        0
      ]
    ]
  ]
}