{
  "aggregate_score": 0.8466706871986389,
  "ptm": 0.8854185938835144,
  "iptm": 0.8369836807250977,
  "per_chain_ptm": [
    [
      0.8972099423408508,
      0.940173327922821,
      0.6906450390815735
    ]
  ],
  "per_chain_pair_iptm": [
    [
      [
        0.8972099423408508,
        0.8818755149841309,
        0.18989115953445435
      ],
      [
        0.903475821018219,
        0.940173327922821,
        0.1584799587726593
      ],
      [
        0.21915867924690247,
        0.11037226021289825,
        0.6906450390815735
      ]
    ]
  ],
  "has_inter_chain_clashes": false,
  "chain_chain_clashes": [
    [
      [
        0,
        0,
        0
      ],
      [
        0,
        0,
        0
      ],
      [
        0,
        0,
        0
      ]
    ]
  ]
}