{
  "aggregate_score": 0.8473303914070129,
  "ptm": 0.8858803510665894,
  "iptm": 0.83769291639328,
  "per_chain_ptm": [
    [
      0.8971418142318726,
      0.9398627877235413,
      0.690360426902771
    ]
  ],
  "per_chain_pair_iptm": [
    [
      [
        0.8971418142318726,
        0.8819276094436646,
        0.18995517492294312
      ],
      [
        0.9038004875183105,
        0.9398627877235413,
        0.1574777364730835
      ],
      [
        0.21776260435581207,
        0.11162172257900238,
        0.690360426902771
      ]
    ]
  ],
  "has_inter_chain_clashes": false,
  "chain_chain_clashes": [
    [
      [
        0,
        0,
        0
      ],
      [
        0,
        0,
        0
      ],
      [
        0,
        0,
        0
      ]
    ]
  ]
}