{
  "aggregate_score": 0.8471934795379639,
  "ptm": 0.8858321905136108,
  "iptm": 0.8375337719917297,
  "per_chain_ptm": [
    [
      0.8973159193992615,
      0.9411664009094238,
      0.6902821063995361
    ]
  ],
  "per_chain_pair_iptm": [
    [
      [
        0.8973159193992615,
        0.8835063576698303,
        0.18620383739471436
      ],
      [
        0.9034494757652283,
        0.9411664009094238,
        0.1575673520565033
      ],
      [
        0.21623119711875916,
        0.11109578609466553,
        0.6902821063995361
      ]
    ]
  ],
  "has_inter_chain_clashes": false,
  "chain_chain_clashes": [
    [
      [
        0,
        0,
        0
      ],
      [
        0,
        0,
        0
      ],
      [
        0,
        0,
        0
      ]
    ]
  ]
}