{
  "aggregate_score": 0.8470267653465271,
  "ptm": 0.8856371641159058,
  "iptm": 0.8373741507530212,
  "per_chain_ptm": [
    [
      0.8968323469161987,
      0.9402085542678833,
      0.6912984251976013
    ]
  ],
  "per_chain_pair_iptm": [
    [
      [
        0.8968323469161987,
        0.8820717930793762,
        0.18665695190429688
      ],
      [
        0.9034420847892761,
        0.9402085542678833,
        0.159423828125
      ],
      [
        0.2178100198507309,
        0.11322258412837982,
        0.6912984251976013
      ]
    ]
  ],
  "has_inter_chain_clashes": false,
  "chain_chain_clashes": [
    [
      [
        0,
        0,
        0
      ],
      [
        0,
        0,
        0
      ],
      [
        0,
        0,
        0
      ]
    ]
  ]
}