{
  "aggregate_score": 0.8469624519348145,
  "ptm": 0.8855916261672974,
  "iptm": 0.8373050689697266,
  "per_chain_ptm": [
    [
      0.8970098495483398,
      0.9404268860816956,
      0.6899996995925903
    ]
  ],
  "per_chain_pair_iptm": [
    [
      [
        0.8970098495483398,
        0.8819618225097656,
        0.18911224603652954
      ],
      [
        0.9037874341011047,
        0.9404268860816956,
        0.15759795904159546
      ],
      [
        0.21743232011795044,
        0.11195625364780426,
        0.6899996995925903
      ]
    ]
  ],
  "has_inter_chain_clashes": false,
  "chain_chain_clashes": [
    [
      [
        0,
        0,
        0
      ],
      [
        0,
        0,
        0
      ],
      [
        0,
        0,
        0
      ]
    ]
  ]
}