{
  "aggregate_score": 0.8969946503639221,
  "ptm": 0.924951434135437,
  "iptm": 0.8900054097175598,
  "per_chain_ptm": [
    [
      0.894553542137146,
      0.9454602599143982,
      0.16673000156879425
    ]
  ],
  "per_chain_pair_iptm": [
    [
      [
        0.894553542137146,
        0.890546441078186,
        0.05592062696814537
      ],
      [
        0.907850980758667,
        0.9454602599143982,
        0.044253431260585785
      ],
      [
        0.17404234409332275,
        0.06115184724330902,
        0.16673000156879425
      ]
    ]
  ],
  "has_inter_chain_clashes": false,
  "chain_chain_clashes": [
    [
      [
        0,
        0,
        0
      ],
      [
        0,
        0,
        0
      ],
      [
        0,
        0,
        0
      ]
    ]
  ]
}