{
  "aggregate_score": 0.896796464920044,
  "ptm": 0.9246052503585815,
  "iptm": 0.8898441791534424,
  "per_chain_ptm": [
    [
      0.8939393758773804,
      0.945259690284729,
      0.1661381721496582
    ]
  ],
  "per_chain_pair_iptm": [
    [
      [
        0.8939393758773804,
        0.8898062705993652,
        0.057614486664533615
      ],
      [
        0.9076344966888428,
        0.945259690284729,
        0.0464702844619751
      ],
      [
        0.17476044595241547,
        0.0619204118847847,
        0.1661381721496582
      ]
    ]
  ],
  "has_inter_chain_clashes": false,
  "chain_chain_clashes": [
    [
      [
        0,
        0,
        0
      ],
      [
        0,
        0,
        0
      ],
      [
        0,
        0,
        0
      ]
    ]
  ]
}