{
  "aggregate_score": 0.8964172601699829,
  "ptm": 0.9247444868087769,
  "iptm": 0.8893353939056396,
  "per_chain_ptm": [
    [
      0.8936986923217773,
      0.9459046721458435,
      0.16609948873519897
    ]
  ],
  "per_chain_pair_iptm": [
    [
      [
        0.8936986923217773,
        0.8904969692230225,
        0.05795777589082718
      ],
      [
        0.9069736003875732,
        0.9459046721458435,
        0.04621553793549538
      ],
      [
        0.17304635047912598,
        0.06103396788239479,
        0.16609948873519897
      ]
    ]
  ],
  "has_inter_chain_clashes": false,
  "chain_chain_clashes": [
    [
      [
        0,
        0,
        0
      ],
      [
        0,
        0,
        0
      ],
      [
        0,
        0,
        0
      ]
    ]
  ]
}