{
  "aggregate_score": 0.89679354429245,
  "ptm": 0.9248197078704834,
  "iptm": 0.889786958694458,
  "per_chain_ptm": [
    [
      0.894777774810791,
      0.9451388716697693,
      0.16678446531295776
    ]
  ],
  "per_chain_pair_iptm": [
    [
      [
        0.894777774810791,
        0.8900322914123535,
        0.0551014244556427
      ],
      [
        0.9079700708389282,
        0.9451388716697693,
        0.0433792881667614
      ],
      [
        0.17058095335960388,
        0.059496499598026276,
        0.16678446531295776
      ]
    ]
  ],
  "has_inter_chain_clashes": false,
  "chain_chain_clashes": [
    [
      [
        0,
        0,
        0
      ],
      [
        0,
        0,
        0
      ],
      [
        0,
        0,
        0
      ]
    ]
  ]
}