{
  "aggregate_score": 0.8969431519508362,
  "ptm": 0.9250085949897766,
  "iptm": 0.8899267911911011,
  "per_chain_ptm": [
    [
      0.8945192694664001,
      0.9458382725715637,
      0.1662418395280838
    ]
  ],
  "per_chain_pair_iptm": [
    [
      [
        0.8945192694664001,
        0.8909990787506104,
        0.058702271431684494
      ],
      [
        0.9075508713722229,
        0.9458382725715637,
        0.045655757188797
      ],
      [
        0.17420300841331482,
        0.061595819890499115,
        0.1662418395280838
      ]
    ]
  ],
  "has_inter_chain_clashes": false,
  "chain_chain_clashes": [
    [
      [
        0,
        0,
        0
      ],
      [
        0,
        0,
        0
      ],
      [
        0,
        0,
        0
      ]
    ]
  ]
}