{
  "aggregate_score": 0.9242783784866333,
  "ptm": 0.9459995627403259,
  "iptm": 0.9188480377197266,
  "per_chain_ptm": [
    [
      0.9459388852119446,
      0.9162219762802124,
      0.17306645214557648
    ]
  ],
  "per_chain_pair_iptm": [
    [
      [
        0.9459388852119446,
        0.9257804751396179,
        0.07298178970813751
      ],
      [
        0.8889012336730957,
        0.9162219762802124,
        0.10179808735847473
      ],
      [
        0.10096881538629532,
        0.23221154510974884,
        0.17306645214557648
      ]
    ]
  ],
  "has_inter_chain_clashes": false,
  "chain_chain_clashes": [
    [
      [
        0,
        0,
        0
      ],
      [
        0,
        0,
        0
      ],
      [
        0,
        0,
        0
      ]
    ]
  ]
}