{
  "aggregate_score": 0.9242523312568665,
  "ptm": 0.9459012150764465,
  "iptm": 0.9188401103019714,
  "per_chain_ptm": [
    [
      0.9453880190849304,
      0.9162411689758301,
      0.17288602888584137
    ]
  ],
  "per_chain_pair_iptm": [
    [
      [
        0.9453880190849304,
        0.925611138343811,
        0.07431847602128983
      ],
      [
        0.8888809680938721,
        0.9162411689758301,
        0.10093933343887329
      ],
      [
        0.1023867130279541,
        0.23443278670310974,
        0.17288602888584137
      ]
    ]
  ],
  "has_inter_chain_clashes": false,
  "chain_chain_clashes": [
    [
      [
        0,
        0,
        0
      ],
      [
        0,
        0,
        0
      ],
      [
        0,
        0,
        0
      ]
    ]
  ]
}