{
  "aggregate_score": 0.9247355461120605,
  "ptm": 0.9463599920272827,
  "iptm": 0.9193294644355774,
  "per_chain_ptm": [
    [
      0.9459851384162903,
      0.9157932996749878,
      0.17311066389083862
    ]
  ],
  "per_chain_pair_iptm": [
    [
      [
        0.9459851384162903,
        0.9261494874954224,
        0.07357802242040634
      ],
      [
        0.8891890645027161,
        0.9157932996749878,
        0.10165271162986755
      ],
      [
        0.10063978284597397,
        0.23351527750492096,
        0.17311066389083862
      ]
    ]
  ],
  "has_inter_chain_clashes": false,
  "chain_chain_clashes": [
    [
      [
        0,
        0,
        0
      ],
      [
        0,
        0,
        0
      ],
      [
        0,
        0,
        0
      ]
    ]
  ]
}