{
  "aggregate_score": 0.9246405363082886,
  "ptm": 0.9462685585021973,
  "iptm": 0.9192335605621338,
  "per_chain_ptm": [
    [
      0.9449145197868347,
      0.9160558581352234,
      0.17244932055473328
    ]
  ],
  "per_chain_pair_iptm": [
    [
      [
        0.9449145197868347,
        0.925982654094696,
        0.07351521402597427
      ],
      [
        0.8896632194519043,
        0.9160558581352234,
        0.10197363793849945
      ],
      [
        0.10068196803331375,
        0.23119370639324188,
        0.17244932055473328
      ]
    ]
  ],
  "has_inter_chain_clashes": false,
  "chain_chain_clashes": [
    [
      [
        0,
        0,
        0
      ],
      [
        0,
        0,
        0
      ],
      [
        0,
        0,
        0
      ]
    ]
  ]
}