{
  "aggregate_score": 0.9246852397918701,
  "ptm": 0.946260929107666,
  "iptm": 0.9192913174629211,
  "per_chain_ptm": [
    [
      0.9456666111946106,
      0.9159320592880249,
      0.17261368036270142
    ]
  ],
  "per_chain_pair_iptm": [
    [
      [
        0.9456666111946106,
        0.9259783625602722,
        0.0745915025472641
      ],
      [
        0.8888988494873047,
        0.9159320592880249,
        0.10252688080072403
      ],
      [
        0.10078488290309906,
        0.23242898285388947,
        0.17261368036270142
      ]
    ]
  ],
  "has_inter_chain_clashes": false,
  "chain_chain_clashes": [
    [
      [
        0,
        0,
        0
      ],
      [
        0,
        0,
        0
      ],
      [
        0,
        0,
        0
      ]
    ]
  ]
}