{
  "aggregate_score": 0.8323227763175964,
  "ptm": 0.8672269582748413,
  "iptm": 0.823596715927124,
  "per_chain_ptm": [
    [
      0.9061176776885986,
      0.9434204697608948,
      0.3181838393211365
    ]
  ],
  "per_chain_pair_iptm": [
    [
      [
        0.9061176776885986,
        0.8910626173019409,
        0.33029642701148987
      ],
      [
        0.918769121170044,
        0.9434204697608948,
        0.3263813555240631
      ],
      [
        0.28368696570396423,
        0.13987338542938232,
        0.3181838393211365
      ]
    ]
  ],
  "has_inter_chain_clashes": false,
  "chain_chain_clashes": [
    [
      [
        0,
        0,
        0
      ],
      [
        0,
        0,
        0
      ],
      [
        0,
        0,
        0
      ]
    ]
  ]
}