{
  "aggregate_score": 0.8332366347312927,
  "ptm": 0.8690634965896606,
  "iptm": 0.8242799043655396,
  "per_chain_ptm": [
    [
      0.9073024392127991,
      0.9438215494155884,
      0.3185649514198303
    ]
  ],
  "per_chain_pair_iptm": [
    [
      [
        0.9073024392127991,
        0.892441987991333,
        0.3377918601036072
      ],
      [
        0.9190483689308167,
        0.9438215494155884,
        0.3337135910987854
      ],
      [
        0.2764555811882019,
        0.13394805788993835,
        0.3185649514198303
      ]
    ]
  ],
  "has_inter_chain_clashes": false,
  "chain_chain_clashes": [
    [
      [
        0,
        0,
        0
      ],
      [
        0,
        0,
        0
      ],
      [
        0,
        0,
        0
      ]
    ]
  ]
}