{
  "aggregate_score": 0.8328636884689331,
  "ptm": 0.8693847060203552,
  "iptm": 0.8237334489822388,
  "per_chain_ptm": [
    [
      0.9049450159072876,
      0.944063127040863,
      0.31850123405456543
    ]
  ],
  "per_chain_pair_iptm": [
    [
      [
        0.9049450159072876,
        0.8915801644325256,
        0.33899176120758057
      ],
      [
        0.9174736142158508,
        0.944063127040863,
        0.33925485610961914
      ],
      [
        0.28130942583084106,
        0.1385561227798462,
        0.31850123405456543
      ]
    ]
  ],
  "has_inter_chain_clashes": false,
  "chain_chain_clashes": [
    [
      [
        0,
        0,
        0
      ],
      [
        0,
        0,
        0
      ],
      [
        0,
        0,
        0
      ]
    ]
  ]
}