{
  "aggregate_score": 0.8316235542297363,
  "ptm": 0.867080807685852,
  "iptm": 0.8227591514587402,
  "per_chain_ptm": [
    [
      0.9058268070220947,
      0.9441655278205872,
      0.3197454512119293
    ]
  ],
  "per_chain_pair_iptm": [
    [
      [
        0.9058268070220947,
        0.8917746543884277,
        0.3325870633125305
      ],
      [
        0.9178685545921326,
        0.9441655278205872,
        0.3276754319667816
      ],
      [
        0.2856505513191223,
        0.13737376034259796,
        0.3197454512119293
      ]
    ]
  ],
  "has_inter_chain_clashes": false,
  "chain_chain_clashes": [
    [
      [
        0,
        0,
        0
      ],
      [
        0,
        0,
        0
      ],
      [
        0,
        0,
        0
      ]
    ]
  ]
}