{
  "aggregate_score": 0.8319615125656128,
  "ptm": 0.8675537109375,
  "iptm": 0.8230634331703186,
  "per_chain_ptm": [
    [
      0.9064679145812988,
      0.9446802735328674,
      0.31922686100006104
    ]
  ],
  "per_chain_pair_iptm": [
    [
      [
        0.9064679145812988,
        0.8922469019889832,
        0.33308786153793335
      ],
      [
        0.9184231162071228,
        0.9446802735328674,
        0.32881152629852295
      ],
      [
        0.2818889021873474,
        0.13683880865573883,
        0.31922686100006104
      ]
    ]
  ],
  "has_inter_chain_clashes": false,
  "chain_chain_clashes": [
    [
      [
        0,
        0,
        0
      ],
      [
        0,
        0,
        0
      ],
      [
        0,
        0,
        0
      ]
    ]
  ]
}