{
  "aggregate_score": 0.9142738580703735,
  "ptm": 0.932449996471405,
  "iptm": 0.9097298383712769,
  "per_chain_ptm": [
    [
      0.9088599681854248,
      0.9437757730484009,
      0.1703999638557434
    ]
  ],
  "per_chain_pair_iptm": [
    [
      [
        0.9088599681854248,
        0.8907333612442017,
        0.0839630588889122
      ],
      [
        0.9204286932945251,
        0.9437757730484009,
        0.06344834715127945
      ],
      [
        0.19999584555625916,
        0.08703770488500595,
        0.1703999638557434
      ]
    ]
  ],
  "has_inter_chain_clashes": false,
  "chain_chain_clashes": [
    [
      [
        0,
        0,
        0
      ],
      [
        0,
        0,
        0
      ],
      [
        0,
        0,
        0
      ]
    ]
  ]
}