{
  "aggregate_score": 0.9123331308364868,
  "ptm": 0.9309324026107788,
  "iptm": 0.907683253288269,
  "per_chain_ptm": [
    [
      0.9072977304458618,
      0.9437422156333923,
      0.16955147683620453
    ]
  ],
  "per_chain_pair_iptm": [
    [
      [
        0.9072977304458618,
        0.8897081017494202,
        0.07911378890275955
      ],
      [
        0.9195558428764343,
        0.9437422156333923,
        0.06469429284334183
      ],
      [
        0.20005154609680176,
        0.0839444175362587,
        0.16955147683620453
      ]
    ]
  ],
  "has_inter_chain_clashes": false,
  "chain_chain_clashes": [
    [
      [
        0,
        0,
        0
      ],
      [
        0,
        0,
        0
      ],
      [
        0,
        0,
        0
      ]
    ]
  ]
}