{
  "aggregate_score": 0.9079612493515015,
  "ptm": 0.9277018904685974,
  "iptm": 0.9030260443687439,
  "per_chain_ptm": [
    [
      0.9066498279571533,
      0.9440678954124451,
      0.16858424246311188
    ]
  ],
  "per_chain_pair_iptm": [
    [
      [
        0.9066498279571533,
        0.8898267149925232,
        0.06095615774393082
      ],
      [
        0.9191961288452148,
        0.9440678954124451,
        0.05201495811343193
      ],
      [
        0.17155863344669342,
        0.06792574375867844,
        0.16858424246311188
      ]
    ]
  ],
  "has_inter_chain_clashes": false,
  "chain_chain_clashes": [
    [
      [
        0,
        0,
        0
      ],
      [
        0,
        0,
        0
      ],
      [
        0,
        0,
        0
      ]
    ]
  ]
}