{
  "aggregate_score": 0.9142590165138245,
  "ptm": 0.9324691295623779,
  "iptm": 0.9097064733505249,
  "per_chain_ptm": [
    [
      0.9081965088844299,
      0.9432271122932434,
      0.17011292278766632
    ]
  ],
  "per_chain_pair_iptm": [
    [
      [
        0.9081965088844299,
        0.8905700445175171,
        0.08529749512672424
      ],
      [
        0.9198845624923706,
        0.9432271122932434,
        0.06596609205007553
      ],
      [
        0.198507159948349,
        0.08688776940107346,
        0.17011292278766632
      ]
    ]
  ],
  "has_inter_chain_clashes": false,
  "chain_chain_clashes": [
    [
      [
        0,
        0,
        0
      ],
      [
        0,
        0,
        0
      ],
      [
        0,
        0,
        0
      ]
    ]
  ]
}