{
  "aggregate_score": 0.9146959781646729,
  "ptm": 0.9327251315116882,
  "iptm": 0.9101886749267578,
  "per_chain_ptm": [
    [
      0.9074978828430176,
      0.942143976688385,
      0.17029276490211487
    ]
  ],
  "per_chain_pair_iptm": [
    [
      [
        0.9074978828430176,
        0.888428807258606,
        0.08220812678337097
      ],
      [
        0.9208018183708191,
        0.942143976688385,
        0.06444253772497177
      ],
      [
        0.2021857053041458,
        0.08573369681835175,
        0.17029276490211487
      ]
    ]
  ],
  "has_inter_chain_clashes": false,
  "chain_chain_clashes": [
    [
      [
        0,
        0,
        0
      ],
      [
        0,
        0,
        0
      ],
      [
        0,
        0,
        0
      ]
    ]
  ]
}