{
  "aggregate_score": 0.8791550993919373,
  "ptm": 0.9049183130264282,
  "iptm": 0.8727142810821533,
  "per_chain_ptm": [
    [
      0.9045438170433044,
      0.94416344165802,
      0.8377197980880737
    ]
  ],
  "per_chain_pair_iptm": [
    [
      [
        0.9045438170433044,
        0.8869417905807495,
        0.12482685595750809
      ],
      [
        0.916996419429779,
        0.94416344165802,
        0.11014673858880997
      ],
      [
        0.23357395827770233,
        0.13224275410175323,
        0.8377197980880737
      ]
    ]
  ],
  "has_inter_chain_clashes": false,
  "chain_chain_clashes": [
    [
      [
        0,
        0,
        0
      ],
      [
        0,
        0,
        0
      ],
      [
        0,
        0,
        0
      ]
    ]
  ]
}