{
  "aggregate_score": 0.8787717223167419,
  "ptm": 0.9046793580055237,
  "iptm": 0.8722948431968689,
  "per_chain_ptm": [
    [
      0.9046792387962341,
      0.9433114528656006,
      0.8373284935951233
    ]
  ],
  "per_chain_pair_iptm": [
    [
      [
        0.9046792387962341,
        0.8873504400253296,
        0.12197215855121613
      ],
      [
        0.9162142276763916,
        0.9433114528656006,
        0.10927847027778625
      ],
      [
        0.23345166444778442,
        0.1370917558670044,
        0.8373284935951233
      ]
    ]
  ],
  "has_inter_chain_clashes": false,
  "chain_chain_clashes": [
    [
      [
        0,
        0,
        0
      ],
      [
        0,
        0,
        0
      ],
      [
        0,
        0,
        0
      ]
    ]
  ]
}