{
  "aggregate_score": 0.880017876625061,
  "ptm": 0.905722439289093,
  "iptm": 0.8735917210578918,
  "per_chain_ptm": [
    [
      0.9041858315467834,
      0.9437214136123657,
      0.8376543521881104
    ]
  ],
  "per_chain_pair_iptm": [
    [
      [
        0.9041858315467834,
        0.887696385383606,
        0.13232950866222382
      ],
      [
        0.9156595468521118,
        0.9437214136123657,
        0.11612396687269211
      ],
      [
        0.23951005935668945,
        0.14025457203388214,
        0.8376543521881104
      ]
    ]
  ],
  "has_inter_chain_clashes": false,
  "chain_chain_clashes": [
    [
      [
        0,
        0,
        0
      ],
      [
        0,
        0,
        0
      ],
      [
        0,
        0,
        0
      ]
    ]
  ]
}