{
  "aggregate_score": 0.8789716958999634,
  "ptm": 0.9048200249671936,
  "iptm": 0.8725095987319946,
  "per_chain_ptm": [
    [
      0.9058490991592407,
      0.9429630637168884,
      0.8373546004295349
    ]
  ],
  "per_chain_pair_iptm": [
    [
      [
        0.9058490991592407,
        0.8886921405792236,
        0.12123480439186096
      ],
      [
        0.9167911410331726,
        0.9429630637168884,
        0.11132395267486572
      ],
      [
        0.23175907135009766,
        0.13076534867286682,
        0.8373546004295349
      ]
    ]
  ],
  "has_inter_chain_clashes": false,
  "chain_chain_clashes": [
    [
      [
        0,
        0,
        0
      ],
      [
        0,
        0,
        0
      ],
      [
        0,
        0,
        0
      ]
    ]
  ]
}