{
  "aggregate_score": 0.8790099620819092,
  "ptm": 0.904885470867157,
  "iptm": 0.872541069984436,
  "per_chain_ptm": [
    [
      0.9046080112457275,
      0.9433982372283936,
      0.8381180167198181
    ]
  ],
  "per_chain_pair_iptm": [
    [
      [
        0.9046080112457275,
        0.8871673345565796,
        0.1261824518442154
      ],
      [
        0.9162013530731201,
        0.9433982372283936,
        0.11103539168834686
      ],
      [
        0.23500320315361023,
        0.13935895264148712,
        0.8381180167198181
      ]
    ]
  ],
  "has_inter_chain_clashes": false,
  "chain_chain_clashes": [
    [
      [
        0,
        0,
        0
      ],
      [
        0,
        0,
        0
      ],
      [
        0,
        0,
        0
      ]
    ]
  ]
}