{
  "aggregate_score": 0.8104674220085144,
  "ptm": 0.8501648306846619,
  "iptm": 0.8005430698394775,
  "per_chain_ptm": [
    [
      0.9072716236114502,
      0.9430915117263794,
      0.3063898980617523
    ]
  ],
  "per_chain_pair_iptm": [
    [
      [
        0.9072716236114502,
        0.8905099034309387,
        0.27597713470458984
      ],
      [
        0.9185155630111694,
        0.9430915117263794,
        0.27429887652397156
      ],
      [
        0.16876061260700226,
        0.07156069576740265,
        0.3063898980617523
      ]
    ]
  ],
  "has_inter_chain_clashes": false,
  "chain_chain_clashes": [
    [
      [
        0,
        0,
        0
      ],
      [
        0,
        0,
        0
      ],
      [
        0,
        0,
        0
      ]
    ]
  ]
}