{
  "aggregate_score": 0.8195202350616455,
  "ptm": 0.8579544425010681,
  "iptm": 0.8099117279052734,
  "per_chain_ptm": [
    [
      0.9092755317687988,
      0.9433372020721436,
      0.30834269523620605
    ]
  ],
  "per_chain_pair_iptm": [
    [
      [
        0.9092755317687988,
        0.8914216160774231,
        0.3092605471611023
      ],
      [
        0.9208018779754639,
        0.9433372020721436,
        0.31021803617477417
      ],
      [
        0.23107676208019257,
        0.11057776212692261,
        0.30834269523620605
      ]
    ]
  ],
  "has_inter_chain_clashes": false,
  "chain_chain_clashes": [
    [
      [
        0,
        0,
        0
      ],
      [
        0,
        0,
        0
      ],
      [
        0,
        0,
        0
      ]
    ]
  ]
}