{
  "aggregate_score": 0.8183934092521667,
  "ptm": 0.8574917316436768,
  "iptm": 0.8086187839508057,
  "per_chain_ptm": [
    [
      0.9091470837593079,
      0.9439187049865723,
      0.3060011863708496
    ]
  ],
  "per_chain_pair_iptm": [
    [
      [
        0.9091470837593079,
        0.8912758827209473,
        0.3096465468406677
      ],
      [
        0.920211136341095,
        0.9439187049865723,
        0.3091089725494385
      ],
      [
        0.2297603338956833,
        0.10699061304330826,
        0.3060011863708496
      ]
    ]
  ],
  "has_inter_chain_clashes": false,
  "chain_chain_clashes": [
    [
      [
        0,
        0,
        0
      ],
      [
        0,
        0,
        0
      ],
      [
        0,
        0,
        0
      ]
    ]
  ]
}