{
  "aggregate_score": 0.8110377788543701,
  "ptm": 0.8508921265602112,
  "iptm": 0.801074206829071,
  "per_chain_ptm": [
    [
      0.9090710878372192,
      0.9437891840934753,
      0.30333012342453003
    ]
  ],
  "per_chain_pair_iptm": [
    [
      [
        0.9090710878372192,
        0.8910877704620361,
        0.27683761715888977
      ],
      [
        0.9196622967720032,
        0.9437891840934753,
        0.2800159454345703
      ],
      [
        0.17799928784370422,
        0.07390203326940536,
        0.30333012342453003
      ]
    ]
  ],
  "has_inter_chain_clashes": false,
  "chain_chain_clashes": [
    [
      [
        0,
        0,
        0
      ],
      [
        0,
        0,
        0
      ],
      [
        0,
        0,
        0
      ]
    ]
  ]
}