{
  "aggregate_score": 0.8184787631034851,
  "ptm": 0.8576081991195679,
  "iptm": 0.8086963295936584,
  "per_chain_ptm": [
    [
      0.9071835279464722,
      0.9432263374328613,
      0.3068350851535797
    ]
  ],
  "per_chain_pair_iptm": [
    [
      [
        0.9071835279464722,
        0.8908488750457764,
        0.3078588545322418
      ],
      [
        0.9184557795524597,
        0.9432263374328613,
        0.3133101463317871
      ],
      [
        0.23519469797611237,
        0.11290024220943451,
        0.3068350851535797
      ]
    ]
  ],
  "has_inter_chain_clashes": false,
  "chain_chain_clashes": [
    [
      [
        0,
        0,
        0
      ],
      [
        0,
        0,
        0
      ],
      [
        0,
        0,
        0
      ]
    ]
  ]
}