{
  "aggregate_score": 0.9111298322677612,
  "ptm": 0.9339940547943115,
  "iptm": 0.9054137468338013,
  "per_chain_ptm": [
    [
      0.9075387716293335,
      0.9439148902893066,
      0.10379117727279663
    ]
  ],
  "per_chain_pair_iptm": [
    [
      [
        0.9075387716293335,
        0.8898554444313049,
        0.027938110753893852
      ],
      [
        0.9197943210601807,
        0.9439148902893066,
        0.02281208336353302
      ],
      [
        0.18350724875926971,
        0.07779049873352051,
        0.10379117727279663
      ]
    ]
  ],
  "has_inter_chain_clashes": false,
  "chain_chain_clashes": [
    [
      [
        0,
        0,
        0
      ],
      [
        0,
        0,
        0
      ],
      [
        0,
        0,
        0
      ]
    ]
  ]
}