{
  "aggregate_score": 0.9109479784965515,
  "ptm": 0.9338878989219666,
  "iptm": 0.9052129983901978,
  "per_chain_ptm": [
    [
      0.9072539806365967,
      0.944251537322998,
      0.103643499314785
    ]
  ],
  "per_chain_pair_iptm": [
    [
      [
        0.9072539806365967,
        0.8902422189712524,
        0.026150744408369064
      ],
      [
        0.9200122952461243,
        0.944251537322998,
        0.022445611655712128
      ],
      [
        0.18353566527366638,
        0.07823851704597473,
        0.103643499314785
      ]
    ]
  ],
  "has_inter_chain_clashes": false,
  "chain_chain_clashes": [
    [
      [
        0,
        0,
        0
      ],
      [
        0,
        0,
        0
      ],
      [
        0,
        0,
        0
      ]
    ]
  ]
}