{
  "aggregate_score": 0.9097940921783447,
  "ptm": 0.9329200983047485,
  "iptm": 0.9040126204490662,
  "per_chain_ptm": [
    [
      0.9057741761207581,
      0.9432399272918701,
      0.1038309782743454
    ]
  ],
  "per_chain_pair_iptm": [
    [
      [
        0.9057741761207581,
        0.8887134194374084,
        0.026936443522572517
      ],
      [
        0.918692946434021,
        0.9432399272918701,
        0.02276839315891266
      ],
      [
        0.1839357316493988,
        0.07868535071611404,
        0.1038309782743454
      ]
    ]
  ],
  "has_inter_chain_clashes": false,
  "chain_chain_clashes": [
    [
      [
        0,
        0,
        0
      ],
      [
        0,
        0,
        0
      ],
      [
        0,
        0,
        0
      ]
    ]
  ]
}