{
  "aggregate_score": 0.9133148193359375,
  "ptm": 0.9355806112289429,
  "iptm": 0.9077483415603638,
  "per_chain_ptm": [
    [
      0.9089182615280151,
      0.9437610507011414,
      0.10394691675901413
    ]
  ],
  "per_chain_pair_iptm": [
    [
      [
        0.9089182615280151,
        0.8902826309204102,
        0.028193552047014236
      ],
      [
        0.9217608571052551,
        0.9437610507011414,
        0.023637555539608
      ],
      [
        0.1859283298254013,
        0.07871020585298538,
        0.10394691675901413
      ]
    ]
  ],
  "has_inter_chain_clashes": false,
  "chain_chain_clashes": [
    [
      [
        0,
        0,
        0
      ],
      [
        0,
        0,
        0
      ],
      [
        0,
        0,
        0
      ]
    ]
  ]
}