{
  "aggregate_score": 0.9115743637084961,
  "ptm": 0.9343163371086121,
  "iptm": 0.9058889150619507,
  "per_chain_ptm": [
    [
      0.9083899855613708,
      0.9447982311248779,
      0.10394804924726486
    ]
  ],
  "per_chain_pair_iptm": [
    [
      [
        0.9083899855613708,
        0.8906856775283813,
        0.028318922966718674
      ],
      [
        0.9196634292602539,
        0.9447982311248779,
        0.023549295961856842
      ],
      [
        0.1900608390569687,
        0.07990807294845581,
        0.10394804924726486
      ]
    ]
  ],
  "has_inter_chain_clashes": false,
  "chain_chain_clashes": [
    [
      [
        0,
        0,
        0
      ],
      [
        0,
        0,
        0
      ],
      [
        0,
        0,
        0
      ]
    ]
  ]
}