{
  "aggregate_score": 0.9152917861938477,
  "ptm": 0.9338940382003784,
  "iptm": 0.9106411933898926,
  "per_chain_ptm": [
    [
      0.9164645671844482,
      0.9466043710708618,
      0.5114068388938904
    ]
  ],
  "per_chain_pair_iptm": [
    [
      [
        0.9164645671844482,
        0.892903745174408,
        0.5623289346694946
      ],
      [
        0.9259214997291565,
        0.9466043710708618,
        0.493242472410202
      ],
      [
        0.5186966061592102,
        0.31507188081741333,
        0.5114068388938904
      ]
    ]
  ],
  "has_inter_chain_clashes": false,
  "chain_chain_clashes": [
    [
      [
        0,
        0,
        0
      ],
      [
        0,
        0,
        0
      ],
      [
        0,
        0,
        0
      ]
    ]
  ]
}