{
  "aggregate_score": 0.9161811470985413,
  "ptm": 0.9345621466636658,
  "iptm": 0.9115859270095825,
  "per_chain_ptm": [
    [
      0.9170679450035095,
      0.9467459917068481,
      0.5138353705406189
    ]
  ],
  "per_chain_pair_iptm": [
    [
      [
        0.9170679450035095,
        0.8938930034637451,
        0.5685855746269226
      ],
      [
        0.9263440370559692,
        0.9467459917068481,
        0.49928224086761475
      ],
      [
        0.5164719223976135,
        0.30500444769859314,
        0.5138353705406189
      ]
    ]
  ],
  "has_inter_chain_clashes": false,
  "chain_chain_clashes": [
    [
      [
        0,
        0,
        0
      ],
      [
        0,
        0,
        0
      ],
      [
        0,
        0,
        0
      ]
    ]
  ]
}