{
  "aggregate_score": 0.9151526689529419,
  "ptm": 0.9338134527206421,
  "iptm": 0.9104874730110168,
  "per_chain_ptm": [
    [
      0.9167729020118713,
      0.9467021226882935,
      0.5109201073646545
    ]
  ],
  "per_chain_pair_iptm": [
    [
      [
        0.9167729020118713,
        0.895342230796814,
        0.5632365345954895
      ],
      [
        0.9258534908294678,
        0.9467021226882935,
        0.490479975938797
      ],
      [
        0.5103215575218201,
        0.31096258759498596,
        0.5109201073646545
      ]
    ]
  ],
  "has_inter_chain_clashes": false,
  "chain_chain_clashes": [
    [
      [
        0,
        0,
        0
      ],
      [
        0,
        0,
        0
      ],
      [
        0,
        0,
        0
      ]
    ]
  ]
}