{
  "aggregate_score": 0.9154129028320312,
  "ptm": 0.9340614676475525,
  "iptm": 0.9107507467269897,
  "per_chain_ptm": [
    [
      0.9171183705329895,
      0.9459015727043152,
      0.4993821382522583
    ]
  ],
  "per_chain_pair_iptm": [
    [
      [
        0.9171183705329895,
        0.8953990936279297,
        0.5546131134033203
      ],
      [
        0.926228940486908,
        0.9459015727043152,
        0.4857918620109558
      ],
      [
        0.4009917974472046,
        0.2307460904121399,
        0.4993821382522583
      ]
    ]
  ],
  "has_inter_chain_clashes": false,
  "chain_chain_clashes": [
    [
      [
        0,
        0,
        0
      ],
      [
        0,
        0,
        0
      ],
      [
        0,
        0,
        0
      ]
    ]
  ]
}