{
  "aggregate_score": 0.9158413410186768,
  "ptm": 0.9343063831329346,
  "iptm": 0.9112250804901123,
  "per_chain_ptm": [
    [
      0.916472852230072,
      0.9464038014411926,
      0.5002915263175964
    ]
  ],
  "per_chain_pair_iptm": [
    [
      [
        0.916472852230072,
        0.8945496678352356,
        0.5625216960906982
      ],
      [
        0.9255737662315369,
        0.9464038014411926,
        0.4946644902229309
      ],
      [
        0.39942753314971924,
        0.2283877730369568,
        0.5002915263175964
      ]
    ]
  ],
  "has_inter_chain_clashes": false,
  "chain_chain_clashes": [
    [
      [
        0,
        0,
        0
      ],
      [
        0,
        0,
        0
      ],
      [
        0,
        0,
        0
      ]
    ]
  ]
}