{
  "aggregate_score": 0.8896728754043579,
  "ptm": 0.9203907251358032,
  "iptm": 0.8819934129714966,
  "per_chain_ptm": [
    [
      0.9470414519309998,
      0.9154231548309326,
      0.8291909694671631
    ]
  ],
  "per_chain_pair_iptm": [
    [
      [
        0.9470414519309998,
        0.9252598285675049,
        0.13493362069129944
      ],
      [
        0.8909784555435181,
        0.9154231548309326,
        0.16649337112903595
      ],
      [
        0.14811082184314728,
        0.2782399356365204,
        0.8291909694671631
      ]
    ]
  ],
  "has_inter_chain_clashes": false,
  "chain_chain_clashes": [
    [
      [
        0,
        0,
        0
      ],
      [
        0,
        0,
        0
      ],
      [
        0,
        0,
        0
      ]
    ]
  ]
}