{
  "aggregate_score": 0.8918395042419434,
  "ptm": 0.9202781319618225,
  "iptm": 0.88472980260849,
  "per_chain_ptm": [
    [
      0.9466133117675781,
      0.9151087403297424,
      0.8298312425613403
    ]
  ],
  "per_chain_pair_iptm": [
    [
      [
        0.9466133117675781,
        0.9251062870025635,
        0.11840038001537323
      ],
      [
        0.891419529914856,
        0.9151087403297424,
        0.14986258745193481
      ],
      [
        0.14185795187950134,
        0.2701379060745239,
        0.8298312425613403
      ]
    ]
  ],
  "has_inter_chain_clashes": false,
  "chain_chain_clashes": [
    [
      [
        0,
        0,
        0
      ],
      [
        0,
        0,
        0
      ],
      [
        0,
        0,
        0
      ]
    ]
  ]
}