{
  "aggregate_score": 0.8894016742706299,
  "ptm": 0.9204052090644836,
  "iptm": 0.8816508054733276,
  "per_chain_ptm": [
    [
      0.9464658498764038,
      0.9149827361106873,
      0.830620527267456
    ]
  ],
  "per_chain_pair_iptm": [
    [
      [
        0.9464658498764038,
        0.9242343306541443,
        0.12629994750022888
      ],
      [
        0.8901311159133911,
        0.9149827361106873,
        0.1513720452785492
      ],
      [
        0.13887792825698853,
        0.2653702199459076,
        0.830620527267456
      ]
    ]
  ],
  "has_inter_chain_clashes": false,
  "chain_chain_clashes": [
    [
      [
        0,
        0,
        0
      ],
      [
        0,
        0,
        0
      ],
      [
        0,
        0,
        0
      ]
    ]
  ]
}