{
  "aggregate_score": 0.8916727304458618,
  "ptm": 0.9223971962928772,
  "iptm": 0.8839915990829468,
  "per_chain_ptm": [
    [
      0.9468461871147156,
      0.915241003036499,
      0.827247142791748
    ]
  ],
  "per_chain_pair_iptm": [
    [
      [
        0.9468461871147156,
        0.925229549407959,
        0.1383146196603775
      ],
      [
        0.8910655379295349,
        0.915241003036499,
        0.17307257652282715
      ],
      [
        0.15803980827331543,
        0.2891630232334137,
        0.827247142791748
      ]
    ]
  ],
  "has_inter_chain_clashes": false,
  "chain_chain_clashes": [
    [
      [
        0,
        0,
        0
      ],
      [
        0,
        0,
        0
      ],
      [
        0,
        0,
        0
      ]
    ]
  ]
}