{
  "aggregate_score": 0.8899308443069458,
  "ptm": 0.9210566878318787,
  "iptm": 0.8821493983268738,
  "per_chain_ptm": [
    [
      0.9473928213119507,
      0.9152820110321045,
      0.828794002532959
    ]
  ],
  "per_chain_pair_iptm": [
    [
      [
        0.9473928213119507,
        0.9251586198806763,
        0.1282627284526825
      ],
      [
        0.8908888101577759,
        0.9152820110321045,
        0.16064433753490448
      ],
      [
        0.14849753677845,
        0.2753020226955414,
        0.828794002532959
      ]
    ]
  ],
  "has_inter_chain_clashes": false,
  "chain_chain_clashes": [
    [
      [
        0,
        0,
        0
      ],
      [
        0,
        0,
        0
      ],
      [
        0,
        0,
        0
      ]
    ]
  ]
}