{
  "aggregate_score": 0.9235047698020935,
  "ptm": 0.9394525289535522,
  "iptm": 0.9195178151130676,
  "per_chain_ptm": [
    [
      0.9094976186752319,
      0.943906307220459,
      0.11513034999370575
    ]
  ],
  "per_chain_pair_iptm": [
    [
      [
        0.9094976186752319,
        0.8912786841392517,
        0.059308573603630066
      ],
      [
        0.9207764863967896,
        0.943906307220459,
        0.039781033992767334
      ],
      [
        0.272065669298172,
        0.1257331371307373,
        0.11513034999370575
      ]
    ]
  ],
  "has_inter_chain_clashes": false,
  "chain_chain_clashes": [
    [
      [
        0,
        0,
        0
      ],
      [
        0,
        0,
        0
      ],
      [
        0,
        0,
        0
      ]
    ]
  ]
}