{
  "aggregate_score": 0.9230934381484985,
  "ptm": 0.9391841292381287,
  "iptm": 0.9190707206726074,
  "per_chain_ptm": [
    [
      0.908640444278717,
      0.9443678855895996,
      0.11591849476099014
    ]
  ],
  "per_chain_pair_iptm": [
    [
      [
        0.908640444278717,
        0.891345739364624,
        0.05833815410733223
      ],
      [
        0.9204433560371399,
        0.9443678855895996,
        0.03919825702905655
      ],
      [
        0.27215391397476196,
        0.12693896889686584,
        0.11591849476099014
      ]
    ]
  ],
  "has_inter_chain_clashes": false,
  "chain_chain_clashes": [
    [
      [
        0,
        0,
        0
      ],
      [
        0,
        0,
        0
      ],
      [
        0,
        0,
        0
      ]
    ]
  ]
}