{
  "aggregate_score": 0.9147450923919678,
  "ptm": 0.9329642653465271,
  "iptm": 0.9101902842521667,
  "per_chain_ptm": [
    [
      0.909596860408783,
      0.9444586038589478,
      0.11167720705270767
    ]
  ],
  "per_chain_pair_iptm": [
    [
      [
        0.909596860408783,
        0.8928064107894897,
        0.027563169598579407
      ],
      [
        0.9204233288764954,
        0.9444586038589478,
        0.021605225279927254
      ],
      [
        0.1935814917087555,
        0.07629020512104034,
        0.11167720705270767
      ]
    ]
  ],
  "has_inter_chain_clashes": false,
  "chain_chain_clashes": [
    [
      [
        0,
        0,
        0
      ],
      [
        0,
        0,
        0
      ],
      [
        0,
        0,
        0
      ]
    ]
  ]
}