{
  "aggregate_score": 0.9237250685691833,
  "ptm": 0.9397042393684387,
  "iptm": 0.9197302460670471,
  "per_chain_ptm": [
    [
      0.9095321893692017,
      0.9444849491119385,
      0.11555706709623337
    ]
  ],
  "per_chain_pair_iptm": [
    [
      [
        0.9095321893692017,
        0.8918116092681885,
        0.05786722153425217
      ],
      [
        0.921264111995697,
        0.9444849491119385,
        0.03873971477150917
      ],
      [
        0.2691580057144165,
        0.12524119019508362,
        0.11555706709623337
      ]
    ]
  ],
  "has_inter_chain_clashes": false,
  "chain_chain_clashes": [
    [
      [
        0,
        0,
        0
      ],
      [
        0,
        0,
        0
      ],
      [
        0,
        0,
        0
      ]
    ]
  ]
}