{
  "aggregate_score": 0.924430251121521,
  "ptm": 0.9402055740356445,
  "iptm": 0.920486330986023,
  "per_chain_ptm": [
    [
      0.910901665687561,
      0.9446303844451904,
      0.1150914654135704
    ]
  ],
  "per_chain_pair_iptm": [
    [
      [
        0.910901665687561,
        0.8931934237480164,
        0.05797795206308365
      ],
      [
        0.9221258759498596,
        0.9446303844451904,
        0.03871595859527588
      ],
      [
        0.2661229372024536,
        0.12299899756908417,
        0.1150914654135704
      ]
    ]
  ],
  "has_inter_chain_clashes": false,
  "chain_chain_clashes": [
    [
      [
        0,
        0,
        0
      ],
      [
        0,
        0,
        0
      ],
      [
        0,
        0,
        0
      ]
    ]
  ]
}