{
  "aggregate_score": 0.8508411645889282,
  "ptm": 0.8835138082504272,
  "iptm": 0.8426729440689087,
  "per_chain_ptm": [
    [
      0.8989893794059753,
      0.944981038570404,
      0.695704460144043
    ]
  ],
  "per_chain_pair_iptm": [
    [
      [
        0.8989893794059753,
        0.8888320922851562,
        0.15948161482810974
      ],
      [
        0.9038183689117432,
        0.944981038570404,
        0.139632448554039
      ],
      [
        0.19585981965065002,
        0.10513108223676682,
        0.695704460144043
      ]
    ]
  ],
  "has_inter_chain_clashes": false,
  "chain_chain_clashes": [
    [
      [
        0,
        0,
        0
      ],
      [
        0,
        0,
        0
      ],
      [
        0,
        0,
        0
      ]
    ]
  ]
}