{
  "aggregate_score": 0.8475126028060913,
  "ptm": 0.8816714882850647,
  "iptm": 0.838972806930542,
  "per_chain_ptm": [
    [
      0.8999873995780945,
      0.9455090761184692,
      0.6858670711517334
    ]
  ],
  "per_chain_pair_iptm": [
    [
      [
        0.8999873995780945,
        0.8895989060401917,
        0.14212118089199066
      ],
      [
        0.9055868983268738,
        0.9455090761184692,
        0.12695540487766266
      ],
      [
        0.18457406759262085,
        0.1006353348493576,
        0.6858670711517334
      ]
    ]
  ],
  "has_inter_chain_clashes": false,
  "chain_chain_clashes": [
    [
      [
        0,
        0,
        0
      ],
      [
        0,
        0,
        0
      ],
      [
        0,
        0,
        0
      ]
    ]
  ]
}