{
  "aggregate_score": 0.8502127528190613,
  "ptm": 0.8839922547340393,
  "iptm": 0.8417678475379944,
  "per_chain_ptm": [
    [
      0.8988353610038757,
      0.9457155466079712,
      0.693291425704956
    ]
  ],
  "per_chain_pair_iptm": [
    [
      [
        0.8988353610038757,
        0.8902784585952759,
        0.15716758370399475
      ],
      [
        0.9036144018173218,
        0.9457155466079712,
        0.13680197298526764
      ],
      [
        0.20213106274604797,
        0.10793967545032501,
        0.693291425704956
      ]
    ]
  ],
  "has_inter_chain_clashes": false,
  "chain_chain_clashes": [
    [
      [
        0,
        0,
        0
      ],
      [
        0,
        0,
        0
      ],
      [
        0,
        0,
        0
      ]
    ]
  ]
}