{
  "aggregate_score": 0.8498191833496094,
  "ptm": 0.8829775452613831,
  "iptm": 0.8415296077728271,
  "per_chain_ptm": [
    [
      0.8988714218139648,
      0.9455009698867798,
      0.6936965584754944
    ]
  ],
  "per_chain_pair_iptm": [
    [
      [
        0.8988714218139648,
        0.889570951461792,
        0.15580205619335175
      ],
      [
        0.9035850167274475,
        0.9455009698867798,
        0.13695396482944489
      ],
      [
        0.19526022672653198,
        0.10439134389162064,
        0.6936965584754944
      ]
    ]
  ],
  "has_inter_chain_clashes": false,
  "chain_chain_clashes": [
    [
      [
        0,
        0,
        0
      ],
      [
        0,
        0,
        0
      ],
      [
        0,
        0,
        0
      ]
    ]
  ]
}