{
  "aggregate_score": 0.8472187519073486,
  "ptm": 0.8809704780578613,
  "iptm": 0.8387807607650757,
  "per_chain_ptm": [
    [
      0.9001073241233826,
      0.9446526765823364,
      0.6865835785865784
    ]
  ],
  "per_chain_pair_iptm": [
    [
      [
        0.9001073241233826,
        0.8903052806854248,
        0.13809886574745178
      ],
      [
        0.9055070877075195,
        0.9446526765823364,
        0.12104221433401108
      ],
      [
        0.18072359263896942,
        0.09924576431512833,
        0.6865835785865784
      ]
    ]
  ],
  "has_inter_chain_clashes": false,
  "chain_chain_clashes": [
    [
      [
        0,
        0,
        0
      ],
      [
        0,
        0,
        0
      ],
      [
        0,
        0,
        0
      ]
    ]
  ]
}