{
  "aggregate_score": 0.7711610198020935,
  "ptm": 0.8094936609268188,
  "iptm": 0.761577844619751,
  "per_chain_ptm": [
    [
      0.9400249719619751,
      0.9041006565093994,
      0.4620599150657654
    ]
  ],
  "per_chain_pair_iptm": [
    [
      [
        0.9400249719619751,
        0.9116029143333435,
        0.4536842703819275
      ],
      [
        0.873537540435791,
        0.9041006565093994,
        0.45038554072380066
      ],
      [
        0.19449853897094727,
        0.3138481378555298,
        0.4620599150657654
      ]
    ]
  ],
  "has_inter_chain_clashes": false,
  "chain_chain_clashes": [
    [
      [
        0,
        0,
        0
      ],
      [
        0,
        0,
        0
      ],
      [
        0,
        0,
        1
      ]
    ]
  ]
}