{
  "aggregate_score": 0.7652785778045654,
  "ptm": 0.8044267892837524,
  "iptm": 0.7554914951324463,
  "per_chain_ptm": [
    [
      0.9407134056091309,
      0.9039573669433594,
      0.4548757076263428
    ]
  ],
  "per_chain_pair_iptm": [
    [
      [
        0.9407134056091309,
        0.9126566648483276,
        0.4423016607761383
      ],
      [
        0.87449049949646,
        0.9039573669433594,
        0.4394632577896118
      ],
      [
        0.18733105063438416,
        0.308827668428421,
        0.4548757076263428
      ]
    ]
  ],
  "has_inter_chain_clashes": false,
  "chain_chain_clashes": [
    [
      [
        0,
        0,
        0
      ],
      [
        0,
        0,
        0
      ],
      [
        0,
        0,
        0
      ]
    ]
  ]
}