{
  "aggregate_score": 0.7697671055793762,
  "ptm": 0.8083052039146423,
  "iptm": 0.7601326107978821,
  "per_chain_ptm": [
    [
      0.9400979280471802,
      0.9036511182785034,
      0.46103405952453613
    ]
  ],
  "per_chain_pair_iptm": [
    [
      [
        0.9400979280471802,
        0.9119532108306885,
        0.453578919172287
      ],
      [
        0.8753343224525452,
        0.9036511182785034,
        0.44536563754081726
      ],
      [
        0.18479658663272858,
        0.3164716958999634,
        0.46103405952453613
      ]
    ]
  ],
  "has_inter_chain_clashes": false,
  "chain_chain_clashes": [
    [
      [
        0,
        0,
        0
      ],
      [
        0,
        0,
        0
      ],
      [
        0,
        0,
        1
      ]
    ]
  ]
}