{
  "aggregate_score": 0.7703356146812439,
  "ptm": 0.8087881803512573,
  "iptm": 0.7607224583625793,
  "per_chain_ptm": [
    [
      0.9398818016052246,
      0.9038887619972229,
      0.4622306823730469
    ]
  ],
  "per_chain_pair_iptm": [
    [
      [
        0.9398818016052246,
        0.9115400910377502,
        0.4563977122306824
      ],
      [
        0.8733895421028137,
        0.9038887619972229,
        0.4473611116409302
      ],
      [
        0.17694447934627533,
        0.3131517767906189,
        0.4622306823730469
      ]
    ]
  ],
  "has_inter_chain_clashes": false,
  "chain_chain_clashes": [
    [
      [
        0,
        0,
        0
      ],
      [
        0,
        0,
        0
      ],
      [
        0,
        0,
        0
      ]
    ]
  ]
}