{
  "aggregate_score": 0.7666456699371338,
  "ptm": 0.8056809306144714,
  "iptm": 0.7568868398666382,
  "per_chain_ptm": [
    [
      0.9405653476715088,
      0.9037442803382874,
      0.45800167322158813
    ]
  ],
  "per_chain_pair_iptm": [
    [
      [
        0.9405653476715088,
        0.9123150110244751,
        0.44553887844085693
      ],
      [
        0.8742733001708984,
        0.9037442803382874,
        0.4421382546424866
      ],
      [
        0.18038484454154968,
        0.3218912184238434,
        0.45800167322158813
      ]
    ]
  ],
  "has_inter_chain_clashes": false,
  "chain_chain_clashes": [
    [
      [
        0,
        0,
        0
      ],
      [
        0,
        0,
        0
      ],
      [
        0,
        0,
        0
      ]
    ]
  ]
}