{
  "aggregate_score": 0.8277009725570679,
  "ptm": 0.8659366965293884,
  "iptm": 0.8181420564651489,
  "per_chain_ptm": [
    [
      0.9072368144989014,
      0.9438443183898926,
      0.21959690749645233
    ]
  ],
  "per_chain_pair_iptm": [
    [
      [
        0.9072368144989014,
        0.8910805583000183,
        0.31745076179504395
      ],
      [
        0.9172749519348145,
        0.9438443183898926,
        0.31591522693634033
      ],
      [
        0.2989608347415924,
        0.14823497831821442,
        0.21959690749645233
      ]
    ]
  ],
  "has_inter_chain_clashes": false,
  "chain_chain_clashes": [
    [
      [
        0,
        0,
        0
      ],
      [
        0,
        0,
        0
      ],
      [
        0,
        0,
        0
      ]
    ]
  ]
}