{
  "aggregate_score": 0.8285894989967346,
  "ptm": 0.8663516044616699,
  "iptm": 0.8191488981246948,
  "per_chain_ptm": [
    [
      0.9058238863945007,
      0.9435978531837463,
      0.21926990151405334
    ]
  ],
  "per_chain_pair_iptm": [
    [
      [
        0.9058238863945007,
        0.8901997804641724,
        0.3181746006011963
      ],
      [
        0.9177188873291016,
        0.9435978531837463,
        0.3149721324443817
      ],
      [
        0.3008062541484833,
        0.14892756938934326,
        0.21926990151405334
      ]
    ]
  ],
  "has_inter_chain_clashes": false,
  "chain_chain_clashes": [
    [
      [
        0,
        0,
        0
      ],
      [
        0,
        0,
        0
      ],
      [
        0,
        0,
        0
      ]
    ]
  ]
}