{
  "aggregate_score": 0.8283167481422424,
  "ptm": 0.8661237955093384,
  "iptm": 0.8188650012016296,
  "per_chain_ptm": [
    [
      0.9074374437332153,
      0.9437251091003418,
      0.2184358537197113
    ]
  ],
  "per_chain_pair_iptm": [
    [
      [
        0.9074374437332153,
        0.8906553387641907,
        0.3126519024372101
      ],
      [
        0.918262243270874,
        0.9437251091003418,
        0.31314748525619507
      ],
      [
        0.29558658599853516,
        0.14630693197250366,
        0.2184358537197113
      ]
    ]
  ],
  "has_inter_chain_clashes": false,
  "chain_chain_clashes": [
    [
      [
        0,
        0,
        0
      ],
      [
        0,
        0,
        0
      ],
      [
        0,
        0,
        0
      ]
    ]
  ]
}