{
  "aggregate_score": 0.8249301910400391,
  "ptm": 0.8634098768234253,
  "iptm": 0.8153102397918701,
  "per_chain_ptm": [
    [
      0.9061052799224854,
      0.9427974820137024,
      0.21871131658554077
    ]
  ],
  "per_chain_pair_iptm": [
    [
      [
        0.9061052799224854,
        0.8899677395820618,
        0.2964450716972351
      ],
      [
        0.9176597595214844,
        0.9427974820137024,
        0.29507601261138916
      ],
      [
        0.30027711391448975,
        0.14916111528873444,
        0.21871131658554077
      ]
    ]
  ],
  "has_inter_chain_clashes": false,
  "chain_chain_clashes": [
    [
      [
        0,
        0,
        0
      ],
      [
        0,
        0,
        0
      ],
      [
        0,
        0,
        0
      ]
    ]
  ]
}