{
  "aggregate_score": 0.8244823217391968,
  "ptm": 0.8630467057228088,
  "iptm": 0.8148412108421326,
  "per_chain_ptm": [
    [
      0.9078309535980225,
      0.9436604380607605,
      0.21782852709293365
    ]
  ],
  "per_chain_pair_iptm": [
    [
      [
        0.9078309535980225,
        0.8911349773406982,
        0.29076501727104187
      ],
      [
        0.9189025163650513,
        0.9436604380607605,
        0.289848655462265
      ],
      [
        0.2957407832145691,
        0.14535389840602875,
        0.21782852709293365
      ]
    ]
  ],
  "has_inter_chain_clashes": false,
  "chain_chain_clashes": [
    [
      [
        0,
        0,
        0
      ],
      [
        0,
        0,
        0
      ],
      [
        0,
        0,
        0
      ]
    ]
  ]
}