{
  "aggregate_score": 0.8491727113723755,
  "ptm": 0.8844945430755615,
  "iptm": 0.8403422832489014,
  "per_chain_ptm": [
    [
      0.9469975829124451,
      0.9150662422180176,
      0.3267672657966614
    ]
  ],
  "per_chain_pair_iptm": [
    [
      [
        0.9469975829124451,
        0.924641489982605,
        0.3439188599586487
      ],
      [
        0.8908089399337769,
        0.9150662422180176,
        0.3491136431694031
      ],
      [
        0.126541867852211,
        0.26975947618484497,
        0.3267672657966614
      ]
    ]
  ],
  "has_inter_chain_clashes": false,
  "chain_chain_clashes": [
    [
      [
        0,
        0,
        0
      ],
      [
        0,
        0,
        0
      ],
      [
        0,
        0,
        0
      ]
    ]
  ]
}