{
  "aggregate_score": 0.8494983911514282,
  "ptm": 0.8845385909080505,
  "iptm": 0.8407382965087891,
  "per_chain_ptm": [
    [
      0.946503758430481,
      0.9153645634651184,
      0.32569432258605957
    ]
  ],
  "per_chain_pair_iptm": [
    [
      [
        0.946503758430481,
        0.924165666103363,
        0.34362947940826416
      ],
      [
        0.8912862539291382,
        0.9153645634651184,
        0.35247692465782166
      ],
      [
        0.1284782737493515,
        0.26796990633010864,
        0.32569432258605957
      ]
    ]
  ],
  "has_inter_chain_clashes": false,
  "chain_chain_clashes": [
    [
      [
        0,
        0,
        0
      ],
      [
        0,
        0,
        0
      ],
      [
        0,
        0,
        0
      ]
    ]
  ]
}