{
  "aggregate_score": 0.8483152389526367,
  "ptm": 0.8832851648330688,
  "iptm": 0.8395727276802063,
  "per_chain_ptm": [
    [
      0.9445991516113281,
      0.9150213599205017,
      0.3254392445087433
    ]
  ],
  "per_chain_pair_iptm": [
    [
      [
        0.9445991516113281,
        0.924899160861969,
        0.34356677532196045
      ],
      [
        0.8896162509918213,
        0.9150213599205017,
        0.34704020619392395
      ],
      [
        0.1245461031794548,
        0.26280152797698975,
        0.3254392445087433
      ]
    ]
  ],
  "has_inter_chain_clashes": false,
  "chain_chain_clashes": [
    [
      [
        0,
        0,
        0
      ],
      [
        0,
        0,
        0
      ],
      [
        0,
        0,
        0
      ]
    ]
  ]
}