{
  "aggregate_score": 0.8566943407058716,
  "ptm": 0.8906636238098145,
  "iptm": 0.8482020497322083,
  "per_chain_ptm": [
    [
      0.9456616640090942,
      0.9154341220855713,
      0.33506646752357483
    ]
  ],
  "per_chain_pair_iptm": [
    [
      [
        0.9456616640090942,
        0.9251530170440674,
        0.38137543201446533
      ],
      [
        0.8912574648857117,
        0.9154341220855713,
        0.39338964223861694
      ],
      [
        0.12635678052902222,
        0.26586905121803284,
        0.33506646752357483
      ]
    ]
  ],
  "has_inter_chain_clashes": false,
  "chain_chain_clashes": [
    [
      [
        0,
        0,
        0
      ],
      [
        0,
        0,
        0
      ],
      [
        0,
        0,
        0
      ]
    ]
  ]
}