{
  "aggregate_score": 0.8522152304649353,
  "ptm": 0.8874963521957397,
  "iptm": 0.8433948755264282,
  "per_chain_ptm": [
    [
      0.9470838904380798,
      0.9157149195671082,
      0.3268168568611145
    ]
  ],
  "per_chain_pair_iptm": [
    [
      [
        0.9470838904380798,
        0.9253023862838745,
        0.3648560345172882
      ],
      [
        0.8912660479545593,
        0.9157149195671082,
        0.3682272732257843
      ],
      [
        0.1257254183292389,
        0.26544809341430664,
        0.3268168568611145
      ]
    ]
  ],
  "has_inter_chain_clashes": false,
  "chain_chain_clashes": [
    [
      [
        0,
        0,
        0
      ],
      [
        0,
        0,
        0
      ],
      [
        0,
        0,
        0
      ]
    ]
  ]
}