{
  "aggregate_score": 0.8886538743972778,
  "ptm": 0.9176751971244812,
  "iptm": 0.8813985586166382,
  "per_chain_ptm": [
    [
      0.9105690121650696,
      0.9490739107131958,
      0.4149351418018341
    ]
  ],
  "per_chain_pair_iptm": [
    [
      [
        0.9105690121650696,
        0.9023582935333252,
        0.35361596941947937
      ],
      [
        0.9161219596862793,
        0.9490739107131958,
        0.3251834511756897
      ],
      [
        0.29473060369491577,
        0.15536512434482574,
        0.4149351418018341
      ]
    ]
  ],
  "has_inter_chain_clashes": false,
  "chain_chain_clashes": [
    [
      [
        0,
        0,
        0
      ],
      [
        0,
        0,
        0
      ],
      [
        0,
        0,
        0
      ]
    ]
  ]
}