{
  "aggregate_score": 0.8889468312263489,
  "ptm": 0.9174289703369141,
  "iptm": 0.8818262815475464,
  "per_chain_ptm": [
    [
      0.9095275402069092,
      0.9494572281837463,
      0.41729825735092163
    ]
  ],
  "per_chain_pair_iptm": [
    [
      [
        0.9095275402069092,
        0.9018771648406982,
        0.3595859408378601
      ],
      [
        0.9157341122627258,
        0.9494572281837463,
        0.3324514925479889
      ],
      [
        0.3050227761268616,
        0.1656360924243927,
        0.41729825735092163
      ]
    ]
  ],
  "has_inter_chain_clashes": false,
  "chain_chain_clashes": [
    [
      [
        0,
        0,
        0
      ],
      [
        0,
        0,
        0
      ],
      [
        0,
        0,
        0
      ]
    ]
  ]
}