{
  "aggregate_score": 0.8905037045478821,
  "ptm": 0.9184870719909668,
  "iptm": 0.8835078477859497,
  "per_chain_ptm": [
    [
      0.9114571809768677,
      0.9489367008209229,
      0.4196109473705292
    ]
  ],
  "per_chain_pair_iptm": [
    [
      [
        0.9114571809768677,
        0.902143657207489,
        0.36676424741744995
      ],
      [
        0.9163649678230286,
        0.9489367008209229,
        0.3396891951560974
      ],
      [
        0.30981871485710144,
        0.17121389508247375,
        0.4196109473705292
      ]
    ]
  ],
  "has_inter_chain_clashes": false,
  "chain_chain_clashes": [
    [
      [
        0,
        0,
        0
      ],
      [
        0,
        0,
        0
      ],
      [
        0,
        0,
        0
      ]
    ]
  ]
}