{
  "aggregate_score": 0.8895097374916077,
  "ptm": 0.917934775352478,
  "iptm": 0.8824034929275513,
  "per_chain_ptm": [
    [
      0.91120445728302,
      0.9486727714538574,
      0.4164491593837738
    ]
  ],
  "per_chain_pair_iptm": [
    [
      [
        0.91120445728302,
        0.9021905660629272,
        0.3533404767513275
      ],
      [
        0.9168643355369568,
        0.9486727714538574,
        0.3295225501060486
      ],
      [
        0.30280208587646484,
        0.16462117433547974,
        0.4164491593837738
      ]
    ]
  ],
  "has_inter_chain_clashes": false,
  "chain_chain_clashes": [
    [
      [
        0,
        0,
        0
      ],
      [
        0,
        0,
        0
      ],
      [
        0,
        0,
        0
      ]
    ]
  ]
}