{
  "aggregate_score": 0.8892374038696289,
  "ptm": 0.9176127314567566,
  "iptm": 0.8821436166763306,
  "per_chain_ptm": [
    [
      0.9113991856575012,
      0.9491513967514038,
      0.4178604185581207
    ]
  ],
  "per_chain_pair_iptm": [
    [
      [
        0.9113991856575012,
        0.9024343490600586,
        0.3590734302997589
      ],
      [
        0.9161022901535034,
        0.9491513967514038,
        0.3316747546195984
      ],
      [
        0.30301111936569214,
        0.1653091311454773,
        0.4178604185581207
      ]
    ]
  ],
  "has_inter_chain_clashes": false,
  "chain_chain_clashes": [
    [
      [
        0,
        0,
        0
      ],
      [
        0,
        0,
        0
      ],
      [
        0,
        0,
        0
      ]
    ]
  ]
}