{
  "aggregate_score": 0.8288315534591675,
  "ptm": 0.8669114112854004,
  "iptm": 0.8193115592002869,
  "per_chain_ptm": [
    [
      0.9051561951637268,
      0.9433146119117737,
      0.3014514744281769
    ]
  ],
  "per_chain_pair_iptm": [
    [
      [
        0.9051561951637268,
        0.8894351720809937,
        0.3353941738605499
      ],
      [
        0.9119464159011841,
        0.9433146119117737,
        0.3230607509613037
      ],
      [
        0.17134901881217957,
        0.06707030534744263,
        0.3014514744281769
      ]
    ]
  ],
  "has_inter_chain_clashes": false,
  "chain_chain_clashes": [
    [
      [
        0,
        0,
        0
      ],
      [
        0,
        0,
        0
      ],
      [
        0,
        0,
        0
      ]
    ]
  ]
}