{
  "aggregate_score": 0.8276912569999695,
  "ptm": 0.8659729957580566,
  "iptm": 0.8181208372116089,
  "per_chain_ptm": [
    [
      0.9050180912017822,
      0.9427221417427063,
      0.30028361082077026
    ]
  ],
  "per_chain_pair_iptm": [
    [
      [
        0.9050180912017822,
        0.8893658518791199,
        0.32927215099334717
      ],
      [
        0.9116223454475403,
        0.9427221417427063,
        0.31694552302360535
      ],
      [
        0.16913768649101257,
        0.06704199314117432,
        0.30028361082077026
      ]
    ]
  ],
  "has_inter_chain_clashes": false,
  "chain_chain_clashes": [
    [
      [
        0,
        0,
        0
      ],
      [
        0,
        0,
        0
      ],
      [
        0,
        0,
        0
      ]
    ]
  ]
}