{
  "aggregate_score": 0.82694411277771,
  "ptm": 0.8653727769851685,
  "iptm": 0.8173369765281677,
  "per_chain_ptm": [
    [
      0.9048868417739868,
      0.9430412650108337,
      0.2999389171600342
    ]
  ],
  "per_chain_pair_iptm": [
    [
      [
        0.9048868417739868,
        0.8894354104995728,
        0.3288170099258423
      ],
      [
        0.9118613004684448,
        0.9430412650108337,
        0.31563785672187805
      ],
      [
        0.16916124522686005,
        0.06725633144378662,
        0.2999389171600342
      ]
    ]
  ],
  "has_inter_chain_clashes": false,
  "chain_chain_clashes": [
    [
      [
        0,
        0,
        0
      ],
      [
        0,
        0,
        0
      ],
      [
        0,
        0,
        0
      ]
    ]
  ]
}