{
  "aggregate_score": 0.8294026255607605,
  "ptm": 0.8673716187477112,
  "iptm": 0.8199104070663452,
  "per_chain_ptm": [
    [
      0.9044055938720703,
      0.9427353739738464,
      0.30114269256591797
    ]
  ],
  "per_chain_pair_iptm": [
    [
      [
        0.9044055938720703,
        0.8891674876213074,
        0.3380987048149109
      ],
      [
        0.9115071296691895,
        0.9427353739738464,
        0.3321034610271454
      ],
      [
        0.1758841872215271,
        0.07061177492141724,
        0.30114269256591797
      ]
    ]
  ],
  "has_inter_chain_clashes": false,
  "chain_chain_clashes": [
    [
      [
        0,
        0,
        0
      ],
      [
        0,
        0,
        0
      ],
      [
        0,
        0,
        0
      ]
    ]
  ]
}