{
  "aggregate_score": 0.8293893933296204,
  "ptm": 0.8672841787338257,
  "iptm": 0.8199156522750854,
  "per_chain_ptm": [
    [
      0.905622124671936,
      0.9424596428871155,
      0.3008043169975281
    ]
  ],
  "per_chain_pair_iptm": [
    [
      [
        0.905622124671936,
        0.8900367021560669,
        0.33744654059410095
      ],
      [
        0.9122973680496216,
        0.9424596428871155,
        0.3255983889102936
      ],
      [
        0.18206840753555298,
        0.07319778203964233,
        0.3008043169975281
      ]
    ]
  ],
  "has_inter_chain_clashes": false,
  "chain_chain_clashes": [
    [
      [
        0,
        0,
        0
      ],
      [
        0,
        0,
        0
      ],
      [
        0,
        0,
        0
      ]
    ]
  ]
}