{
  "aggregate_score": 0.830529510974884,
  "ptm": 0.8692597150802612,
  "iptm": 0.8208469152450562,
  "per_chain_ptm": [
    [
      0.9138932228088379,
      0.9478539228439331,
      0.2988526523113251
    ]
  ],
  "per_chain_pair_iptm": [
    [
      [
        0.9138932228088379,
        0.8992928266525269,
        0.31900596618652344
      ],
      [
        0.9169116616249084,
        0.9478539228439331,
        0.31672829389572144
      ],
      [
        0.1773703694343567,
        0.07695110142230988,
        0.2988526523113251
      ]
    ]
  ],
  "has_inter_chain_clashes": false,
  "chain_chain_clashes": [
    [
      [
        0,
        0,
        0
      ],
      [
        0,
        0,
        0
      ],
      [
        0,
        0,
        0
      ]
    ]
  ]
}