{
  "aggregate_score": 0.8298628330230713,
  "ptm": 0.8687132000923157,
  "iptm": 0.8201501965522766,
  "per_chain_ptm": [
    [
      0.9141383767127991,
      0.9483049511909485,
      0.30379414558410645
    ]
  ],
  "per_chain_pair_iptm": [
    [
      [
        0.9141383767127991,
        0.9001246094703674,
        0.31491121649742126
      ],
      [
        0.9166854023933411,
        0.9483049511909485,
        0.3151189982891083
      ],
      [
        0.1691654473543167,
        0.06473758816719055,
        0.30379414558410645
      ]
    ]
  ],
  "has_inter_chain_clashes": false,
  "chain_chain_clashes": [
    [
      [
        0,
        0,
        0
      ],
      [
        0,
        0,
        0
      ],
      [
        0,
        0,
        0
      ]
    ]
  ]
}