{
  "aggregate_score": 0.831722617149353,
  "ptm": 0.870250940322876,
  "iptm": 0.8220905065536499,
  "per_chain_ptm": [
    [
      0.9135995507240295,
      0.9483668804168701,
      0.3046102523803711
    ]
  ],
  "per_chain_pair_iptm": [
    [
      [
        0.9135995507240295,
        0.8985198736190796,
        0.3222828507423401
      ],
      [
        0.9163022637367249,
        0.9483668804168701,
        0.3157937228679657
      ],
      [
        0.17301158607006073,
        0.07103633135557175,
        0.3046102523803711
      ]
    ]
  ],
  "has_inter_chain_clashes": false,
  "chain_chain_clashes": [
    [
      [
        0,
        0,
        0
      ],
      [
        0,
        0,
        0
      ],
      [
        0,
        0,
        0
      ]
    ]
  ]
}