{
  "aggregate_score": 0.8321436047554016,
  "ptm": 0.870612621307373,
  "iptm": 0.8225263357162476,
  "per_chain_ptm": [
    [
      0.912712574005127,
      0.9477570652961731,
      0.3043912649154663
    ]
  ],
  "per_chain_pair_iptm": [
    [
      [
        0.912712574005127,
        0.8994313478469849,
        0.31390467286109924
      ],
      [
        0.9166606664657593,
        0.9477570652961731,
        0.3195365071296692
      ],
      [
        0.1717214733362198,
        0.06530001759529114,
        0.3043912649154663
      ]
    ]
  ],
  "has_inter_chain_clashes": false,
  "chain_chain_clashes": [
    [
      [
        0,
        0,
        0
      ],
      [
        0,
        0,
        0
      ],
      [
        0,
        0,
        0
      ]
    ]
  ]
}