{
  "aggregate_score": 0.8310844898223877,
  "ptm": 0.8697490096092224,
  "iptm": 0.8214184045791626,
  "per_chain_ptm": [
    [
      0.9141086935997009,
      0.9483829736709595,
      0.3033529818058014
    ]
  ],
  "per_chain_pair_iptm": [
    [
      [
        0.9141086935997009,
        0.8997717499732971,
        0.3197093605995178
      ],
      [
        0.9168398380279541,
        0.9483829736709595,
        0.32178789377212524
      ],
      [
        0.1698283851146698,
        0.06545456498861313,
        0.3033529818058014
      ]
    ]
  ],
  "has_inter_chain_clashes": false,
  "chain_chain_clashes": [
    [
      [
        0,
        0,
        0
      ],
      [
        0,
        0,
        0
      ],
      [
        0,
        0,
        0
      ]
    ]
  ]
}