{
  "aggregate_score": 0.9015822410583496,
  "ptm": 0.9235137104988098,
  "iptm": 0.896099328994751,
  "per_chain_ptm": [
    [
      0.9063704013824463,
      0.9436246156692505,
      0.10567191243171692
    ]
  ],
  "per_chain_pair_iptm": [
    [
      [
        0.9063704013824463,
        0.888516902923584,
        0.01997961290180683
      ],
      [
        0.9117705225944519,
        0.9436246156692505,
        0.015243099071085453
      ],
      [
        0.17533627152442932,
        0.06438986957073212,
        0.10567191243171692
      ]
    ]
  ],
  "has_inter_chain_clashes": false,
  "chain_chain_clashes": [
    [
      [
        0,
        0,
        0
      ],
      [
        0,
        0,
        0
      ],
      [
        0,
        0,
        0
      ]
    ]
  ]
}