{
  "aggregate_score": 0.902600884437561,
  "ptm": 0.92409747838974,
  "iptm": 0.8972266912460327,
  "per_chain_ptm": [
    [
      0.9071951508522034,
      0.9438565969467163,
      0.10603901743888855
    ]
  ],
  "per_chain_pair_iptm": [
    [
      [
        0.9071951508522034,
        0.8903036117553711,
        0.01994995027780533
      ],
      [
        0.9126736521720886,
        0.9438565969467163,
        0.015420187264680862
      ],
      [
        0.17262732982635498,
        0.062227003276348114,
        0.10603901743888855
      ]
    ]
  ],
  "has_inter_chain_clashes": false,
  "chain_chain_clashes": [
    [
      [
        0,
        0,
        0
      ],
      [
        0,
        0,
        0
      ],
      [
        0,
        0,
        0
      ]
    ]
  ]
}