{
  "aggregate_score": 0.9011430740356445,
  "ptm": 0.9233787655830383,
  "iptm": 0.8955841064453125,
  "per_chain_ptm": [
    [
      0.9064005017280579,
      0.9438561201095581,
      0.10584454983472824
    ]
  ],
  "per_chain_pair_iptm": [
    [
      [
        0.9064005017280579,
        0.8887270092964172,
        0.019768282771110535
      ],
      [
        0.9115341901779175,
        0.9438561201095581,
        0.015262940898537636
      ],
      [
        0.1744699776172638,
        0.06362973153591156,
        0.10584454983472824
      ]
    ]
  ],
  "has_inter_chain_clashes": false,
  "chain_chain_clashes": [
    [
      [
        0,
        0,
        0
      ],
      [
        0,
        0,
        0
      ],
      [
        0,
        0,
        0
      ]
    ]
  ]
}