{
  "aggregate_score": 0.9022508859634399,
  "ptm": 0.9239242672920227,
  "iptm": 0.8968325257301331,
  "per_chain_ptm": [
    [
      0.9068116545677185,
      0.9438562393188477,
      0.1058686226606369
    ]
  ],
  "per_chain_pair_iptm": [
    [
      [
        0.9068116545677185,
        0.8894069194793701,
        0.01989283412694931
      ],
      [
        0.9124031066894531,
        0.9438562393188477,
        0.015321691520512104
      ],
      [
        0.17319869995117188,
        0.06194838136434555,
        0.1058686226606369
      ]
    ]
  ],
  "has_inter_chain_clashes": false,
  "chain_chain_clashes": [
    [
      [
        0,
        0,
        0
      ],
      [
        0,
        0,
        0
      ],
      [
        0,
        0,
        0
      ]
    ]
  ]
}