{
  "aggregate_score": 0.9022611975669861,
  "ptm": 0.9237515926361084,
  "iptm": 0.8968886137008667,
  "per_chain_ptm": [
    [
      0.9072413444519043,
      0.9439221024513245,
      0.10648632794618607
    ]
  ],
  "per_chain_pair_iptm": [
    [
      [
        0.9072413444519043,
        0.890789806842804,
        0.017568865790963173
      ],
      [
        0.9126288890838623,
        0.9439221024513245,
        0.01534341461956501
      ],
      [
        0.15978670120239258,
        0.06359794735908508,
        0.10648632794618607
      ]
    ]
  ],
  "has_inter_chain_clashes": false,
  "chain_chain_clashes": [
    [
      [
        0,
        0,
        0
      ],
      [
        0,
        0,
        0
      ],
      [
        0,
        0,
        0
      ]
    ]
  ]
}