{
  "aggregate_score": 0.9031338691711426,
  "ptm": 0.9244400858879089,
  "iptm": 0.8978073000907898,
  "per_chain_ptm": [
    [
      0.9054742455482483,
      0.9424450397491455,
      0.17004930973052979
    ]
  ],
  "per_chain_pair_iptm": [
    [
      [
        0.9054742455482483,
        0.887911856174469,
        0.0631188303232193
      ],
      [
        0.9111260771751404,
        0.9424450397491455,
        0.04831371456384659
      ],
      [
        0.1855623573064804,
        0.07454467564821243,
        0.17004930973052979
      ]
    ]
  ],
  "has_inter_chain_clashes": false,
  "chain_chain_clashes": [
    [
      [
        0,
        0,
        0
      ],
      [
        0,
        0,
        0
      ],
      [
        0,
        0,
        0
      ]
    ]
  ]
}