{
  "aggregate_score": 0.9003680348396301,
  "ptm": 0.9223403930664062,
  "iptm": 0.8948749303817749,
  "per_chain_ptm": [
    [
      0.9056051969528198,
      0.9415737986564636,
      0.1696096956729889
    ]
  ],
  "per_chain_pair_iptm": [
    [
      [
        0.9056051969528198,
        0.8863980770111084,
        0.05122938007116318
      ],
      [
        0.9116696715354919,
        0.9415737986564636,
        0.03989845886826515
      ],
      [
        0.17276369035243988,
        0.06513156741857529,
        0.1696096956729889
      ]
    ]
  ],
  "has_inter_chain_clashes": false,
  "chain_chain_clashes": [
    [
      [
        0,
        0,
        0
      ],
      [
        0,
        0,
        0
      ],
      [
        0,
        0,
        0
      ]
    ]
  ]
}