{
  "aggregate_score": 0.9006279110908508,
  "ptm": 0.9225797057151794,
  "iptm": 0.8951399326324463,
  "per_chain_ptm": [
    [
      0.906321108341217,
      0.9427025318145752,
      0.17011481523513794
    ]
  ],
  "per_chain_pair_iptm": [
    [
      [
        0.906321108341217,
        0.8878018260002136,
        0.052893660962581635
      ],
      [
        0.9119965434074402,
        0.9427025318145752,
        0.03908702731132507
      ],
      [
        0.17241144180297852,
        0.06403738260269165,
        0.17011481523513794
      ]
    ]
  ],
  "has_inter_chain_clashes": false,
  "chain_chain_clashes": [
    [
      [
        0,
        0,
        0
      ],
      [
        0,
        0,
        0
      ],
      [
        0,
        0,
        0
      ]
    ]
  ]
}