{
  "aggregate_score": 0.8972740769386292,
  "ptm": 0.9198718667030334,
  "iptm": 0.8916246294975281,
  "per_chain_ptm": [
    [
      0.9064268469810486,
      0.9415948987007141,
      0.16863122582435608
    ]
  ],
  "per_chain_pair_iptm": [
    [
      [
        0.9064268469810486,
        0.8866735696792603,
        0.04568055272102356
      ],
      [
        0.911705732345581,
        0.9415948987007141,
        0.03570317476987839
      ],
      [
        0.15538528561592102,
        0.05662035197019577,
        0.16863122582435608
      ]
    ]
  ],
  "has_inter_chain_clashes": false,
  "chain_chain_clashes": [
    [
      [
        0,
        0,
        0
      ],
      [
        0,
        0,
        0
      ],
      [
        0,
        0,
        0
      ]
    ]
  ]
}