{
  "aggregate_score": 0.9001007676124573,
  "ptm": 0.9221607446670532,
  "iptm": 0.8945857286453247,
  "per_chain_ptm": [
    [
      0.9065719842910767,
      0.9429450631141663,
      0.1695176661014557
    ]
  ],
  "per_chain_pair_iptm": [
    [
      [
        0.9065719842910767,
        0.8881492614746094,
        0.05051763355731964
      ],
      [
        0.9121150970458984,
        0.9429450631141663,
        0.03874392434954643
      ],
      [
        0.17004656791687012,
        0.06333307921886444,
        0.1695176661014557
      ]
    ]
  ],
  "has_inter_chain_clashes": false,
  "chain_chain_clashes": [
    [
      [
        0,
        0,
        0
      ],
      [
        0,
        0,
        0
      ],
      [
        0,
        0,
        0
      ]
    ]
  ]
}