{
  "aggregate_score": 0.8721721768379211,
  "ptm": 0.9052016735076904,
  "iptm": 0.8639147877693176,
  "per_chain_ptm": [
    [
      0.90289306640625,
      0.9477207064628601,
      0.8405773043632507
    ]
  ],
  "per_chain_pair_iptm": [
    [
      [
        0.90289306640625,
        0.8959769606590271,
        0.1217101514339447
      ],
      [
        0.9079119563102722,
        0.9477207064628601,
        0.09537878632545471
      ],
      [
        0.2200961410999298,
        0.10360202938318253,
        0.8405773043632507
      ]
    ]
  ],
  "has_inter_chain_clashes": false,
  "chain_chain_clashes": [
    [
      [
        0,
        0,
        0
      ],
      [
        0,
        0,
        0
      ],
      [
        0,
        0,
        0
      ]
    ]
  ]
}