{
  "aggregate_score": 0.8741809725761414,
  "ptm": 0.908530592918396,
  "iptm": 0.8655935525894165,
  "per_chain_ptm": [
    [
      0.9030274748802185,
      0.9485428333282471,
      0.8401734232902527
    ]
  ],
  "per_chain_pair_iptm": [
    [
      [
        0.9030274748802185,
        0.8958776593208313,
        0.1350032538175583
      ],
      [
        0.9085572957992554,
        0.9485428333282471,
        0.11287404596805573
      ],
      [
        0.2469179332256317,
        0.12970611453056335,
        0.8401734232902527
      ]
    ]
  ],
  "has_inter_chain_clashes": false,
  "chain_chain_clashes": [
    [
      [
        0,
        0,
        0
      ],
      [
        0,
        0,
        0
      ],
      [
        0,
        0,
        0
      ]
    ]
  ]
}