{
  "aggregate_score": 0.8738481998443604,
  "ptm": 0.9070991277694702,
  "iptm": 0.8655354380607605,
  "per_chain_ptm": [
    [
      0.9025861024856567,
      0.9473761320114136,
      0.840486466884613
    ]
  ],
  "per_chain_pair_iptm": [
    [
      [
        0.9025861024856567,
        0.8953962326049805,
        0.13459981977939606
      ],
      [
        0.9082397818565369,
        0.9473761320114136,
        0.11579377949237823
      ],
      [
        0.25047871470451355,
        0.13162407279014587,
        0.840486466884613
      ]
    ]
  ],
  "has_inter_chain_clashes": false,
  "chain_chain_clashes": [
    [
      [
        0,
        0,
        0
      ],
      [
        0,
        0,
        0
      ],
      [
        0,
        0,
        0
      ]
    ]
  ]
}