{
  "aggregate_score": 0.8735726475715637,
  "ptm": 0.906968355178833,
  "iptm": 0.8652237057685852,
  "per_chain_ptm": [
    [
      0.9032346606254578,
      0.947623610496521,
      0.8395494222640991
    ]
  ],
  "per_chain_pair_iptm": [
    [
      [
        0.9032346606254578,
        0.8955750465393066,
        0.13617204129695892
      ],
      [
        0.9091010093688965,
        0.947623610496521,
        0.10648378729820251
      ],
      [
        0.24137285351753235,
        0.1223931759595871,
        0.8395494222640991
      ]
    ]
  ],
  "has_inter_chain_clashes": false,
  "chain_chain_clashes": [
    [
      [
        0,
        0,
        0
      ],
      [
        0,
        0,
        0
      ],
      [
        0,
        0,
        0
      ]
    ]
  ]
}