{
  "aggregate_score": 0.873826801776886,
  "ptm": 0.9071815013885498,
  "iptm": 0.8654881119728088,
  "per_chain_ptm": [
    [
      0.9038933515548706,
      0.9484268426895142,
      0.8398603200912476
    ]
  ],
  "per_chain_pair_iptm": [
    [
      [
        0.9038933515548706,
        0.8962154388427734,
        0.12726563215255737
      ],
      [
        0.9095707535743713,
        0.9484268426895142,
        0.1039348915219307
      ],
      [
        0.23632420599460602,
        0.11874165385961533,
        0.8398603200912476
      ]
    ]
  ],
  "has_inter_chain_clashes": false,
  "chain_chain_clashes": [
    [
      [
        0,
        0,
        0
      ],
      [
        0,
        0,
        0
      ],
      [
        0,
        0,
        0
      ]
    ]
  ]
}