{
  "aggregate_score": 0.8427489995956421,
  "ptm": 0.8764373660087585,
  "iptm": 0.8343268632888794,
  "per_chain_ptm": [
    [
      0.9457393884658813,
      0.9150817394256592,
      0.7032116055488586
    ]
  ],
  "per_chain_pair_iptm": [
    [
      [
        0.9457393884658813,
        0.9247618317604065,
        0.08896075934171677
      ],
      [
        0.8886057734489441,
        0.9150817394256592,
        0.10486286878585815
      ],
      [
        0.09020742028951645,
        0.148794025182724,
        0.7032116055488586
      ]
    ]
  ],
  "has_inter_chain_clashes": false,
  "chain_chain_clashes": [
    [
      [
        0,
        0,
        0
      ],
      [
        0,
        0,
        0
      ],
      [
        0,
        0,
        0
      ]
    ]
  ]
}