{
  "aggregate_score": 0.8426162004470825,
  "ptm": 0.876340389251709,
  "iptm": 0.8341851830482483,
  "per_chain_ptm": [
    [
      0.9459168314933777,
      0.9154590964317322,
      0.7031406760215759
    ]
  ],
  "per_chain_pair_iptm": [
    [
      [
        0.9459168314933777,
        0.9248167276382446,
        0.08900946378707886
      ],
      [
        0.8879594802856445,
        0.9154590964317322,
        0.10688365995883942
      ],
      [
        0.09086184948682785,
        0.14675645530223846,
        0.7031406760215759
      ]
    ]
  ],
  "has_inter_chain_clashes": false,
  "chain_chain_clashes": [
    [
      [
        0,
        0,
        0
      ],
      [
        0,
        0,
        0
      ],
      [
        0,
        0,
        0
      ]
    ]
  ]
}