{
  "aggregate_score": 0.842632532119751,
  "ptm": 0.8763101100921631,
  "iptm": 0.834213137626648,
  "per_chain_ptm": [
    [
      0.9456249475479126,
      0.915083646774292,
      0.7022618651390076
    ]
  ],
  "per_chain_pair_iptm": [
    [
      [
        0.9456249475479126,
        0.9252915978431702,
        0.09137865155935287
      ],
      [
        0.8883592486381531,
        0.915083646774292,
        0.10815298557281494
      ],
      [
        0.08885110914707184,
        0.14221686124801636,
        0.7022618651390076
      ]
    ]
  ],
  "has_inter_chain_clashes": false,
  "chain_chain_clashes": [
    [
      [
        0,
        0,
        0
      ],
      [
        0,
        0,
        0
      ],
      [
        0,
        0,
        0
      ]
    ]
  ]
}