{
  "aggregate_score": 0.8427438139915466,
  "ptm": 0.8764334917068481,
  "iptm": 0.8343213796615601,
  "per_chain_ptm": [
    [
      0.9450638890266418,
      0.9147837162017822,
      0.7036603689193726
    ]
  ],
  "per_chain_pair_iptm": [
    [
      [
        0.9450638890266418,
        0.9249903559684753,
        0.08988848328590393
      ],
      [
        0.887692928314209,
        0.9147837162017822,
        0.10710421204566956
      ],
      [
        0.09115798771381378,
        0.14490708708763123,
        0.7036603689193726
      ]
    ]
  ],
  "has_inter_chain_clashes": false,
  "chain_chain_clashes": [
    [
      [
        0,
        0,
        0
      ],
      [
        0,
        0,
        0
      ],
      [
        0,
        0,
        0
      ]
    ]
  ]
}