{
  "aggregate_score": 0.8424596786499023,
  "ptm": 0.8764391541481018,
  "iptm": 0.8339647650718689,
  "per_chain_ptm": [
    [
      0.946148693561554,
      0.9148827791213989,
      0.7030192017555237
    ]
  ],
  "per_chain_pair_iptm": [
    [
      [
        0.946148693561554,
        0.9250277876853943,
        0.08916828781366348
      ],
      [
        0.8884012699127197,
        0.9148827791213989,
        0.10497009009122849
      ],
      [
        0.09055443853139877,
        0.14435237646102905,
        0.7030192017555237
      ]
    ]
  ],
  "has_inter_chain_clashes": false,
  "chain_chain_clashes": [
    [
      [
        0,
        0,
        0
      ],
      [
        0,
        0,
        0
      ],
      [
        0,
        0,
        0
      ]
    ]
  ]
}