{
  "aggregate_score": 0.8331135511398315,
  "ptm": 0.8717927932739258,
  "iptm": 0.8234437108039856,
  "per_chain_ptm": [
    [
      0.9135876893997192,
      0.9447444081306458,
      0.20929065346717834
    ]
  ],
  "per_chain_pair_iptm": [
    [
      [
        0.9135876893997192,
        0.890000581741333,
        0.3119885325431824
      ],
      [
        0.9218853712081909,
        0.9447444081306458,
        0.3232974410057068
      ],
      [
        0.24927420914173126,
        0.11480935662984848,
        0.20929065346717834
      ]
    ]
  ],
  "has_inter_chain_clashes": false,
  "chain_chain_clashes": [
    [
      [
        0,
        0,
        0
      ],
      [
        0,
        0,
        0
      ],
      [
        0,
        0,
        0
      ]
    ]
  ]
}