{
  "aggregate_score": 0.8292592763900757,
  "ptm": 0.8687475323677063,
  "iptm": 0.8193871974945068,
  "per_chain_ptm": [
    [
      0.9136948585510254,
      0.9449536800384521,
      0.20766697824001312
    ]
  ],
  "per_chain_pair_iptm": [
    [
      [
        0.9136948585510254,
        0.8909927010536194,
        0.292906254529953
      ],
      [
        0.9214065670967102,
        0.9449536800384521,
        0.3063254654407501
      ],
      [
        0.24565419554710388,
        0.1102108284831047,
        0.20766697824001312
      ]
    ]
  ],
  "has_inter_chain_clashes": false,
  "chain_chain_clashes": [
    [
      [
        0,
        0,
        0
      ],
      [
        0,
        0,
        0
      ],
      [
        0,
        0,
        0
      ]
    ]
  ]
}