{
  "aggregate_score": 0.8326374888420105,
  "ptm": 0.8714994788169861,
  "iptm": 0.8229219913482666,
  "per_chain_ptm": [
    [
      0.9134913682937622,
      0.9447528123855591,
      0.20970329642295837
    ]
  ],
  "per_chain_pair_iptm": [
    [
      [
        0.9134913682937622,
        0.8911846280097961,
        0.3134534955024719
      ],
      [
        0.9216464757919312,
        0.9447528123855591,
        0.32277926802635193
      ],
      [
        0.24688665568828583,
        0.11084287613630295,
        0.20970329642295837
      ]
    ]
  ],
  "has_inter_chain_clashes": false,
  "chain_chain_clashes": [
    [
      [
        0,
        0,
        0
      ],
      [
        0,
        0,
        0
      ],
      [
        0,
        0,
        0
      ]
    ]
  ]
}