{
  "aggregate_score": 0.8327518701553345,
  "ptm": 0.8709611892700195,
  "iptm": 0.8231995105743408,
  "per_chain_ptm": [
    [
      0.9139041900634766,
      0.9446913003921509,
      0.21011054515838623
    ]
  ],
  "per_chain_pair_iptm": [
    [
      [
        0.9139041900634766,
        0.8900023698806763,
        0.31388017535209656
      ],
      [
        0.9221119284629822,
        0.9446913003921509,
        0.32012858986854553
      ],
      [
        0.24665364623069763,
        0.11154215037822723,
        0.21011054515838623
      ]
    ]
  ],
  "has_inter_chain_clashes": false,
  "chain_chain_clashes": [
    [
      [
        0,
        0,
        0
      ],
      [
        0,
        0,
        0
      ],
      [
        0,
        0,
        0
      ]
    ]
  ]
}