{
  "aggregate_score": 0.8301443457603455,
  "ptm": 0.869451105594635,
  "iptm": 0.8203176259994507,
  "per_chain_ptm": [
    [
      0.9133702516555786,
      0.9441221952438354,
      0.20839759707450867
    ]
  ],
  "per_chain_pair_iptm": [
    [
      [
        0.9133702516555786,
        0.8903020620346069,
        0.2998706102371216
      ],
      [
        0.9213613867759705,
        0.9441221952438354,
        0.3116815984249115
      ],
      [
        0.2494855523109436,
        0.11565425992012024,
        0.20839759707450867
      ]
    ]
  ],
  "has_inter_chain_clashes": false,
  "chain_chain_clashes": [
    [
      [
        0,
        1,
        0
      ],
      [
        1,
        0,
        0
      ],
      [
        0,
        0,
        0
      ]
    ]
  ]
}