{
  "aggregate_score": 0.917931079864502,
  "ptm": 0.9368982911109924,
  "iptm": 0.9131892919540405,
  "per_chain_ptm": [
    [
      0.9174659848213196,
      0.9475996494293213,
      0.6863396763801575
    ]
  ],
  "per_chain_pair_iptm": [
    [
      [
        0.9174659848213196,
        0.8906158208847046,
        0.43690964579582214
      ],
      [
        0.9271321296691895,
        0.9475996494293213,
        0.36206093430519104
      ],
      [
        0.3986818790435791,
        0.21159802377223969,
        0.6863396763801575
      ]
    ]
  ],
  "has_inter_chain_clashes": false,
  "chain_chain_clashes": [
    [
      [
        0,
        0,
        0
      ],
      [
        0,
        0,
        0
      ],
      [
        0,
        0,
        0
      ]
    ]
  ]
}