{
  "aggregate_score": 0.9177654981613159,
  "ptm": 0.936721920967102,
  "iptm": 0.9130263924598694,
  "per_chain_ptm": [
    [
      0.9167246222496033,
      0.947554349899292,
      0.6879642009735107
    ]
  ],
  "per_chain_pair_iptm": [
    [
      [
        0.9167246222496033,
        0.8910056352615356,
        0.4392279088497162
      ],
      [
        0.9272331595420837,
        0.947554349899292,
        0.35880473256111145
      ],
      [
        0.3868573307991028,
        0.20211321115493774,
        0.6879642009735107
      ]
    ]
  ],
  "has_inter_chain_clashes": false,
  "chain_chain_clashes": [
    [
      [
        0,
        0,
        0
      ],
      [
        0,
        0,
        0
      ],
      [
        0,
        0,
        0
      ]
    ]
  ]
}