{
  "aggregate_score": 0.9172924757003784,
  "ptm": 0.9363268613815308,
  "iptm": 0.9125338196754456,
  "per_chain_ptm": [
    [
      0.9167646765708923,
      0.9467867016792297,
      0.6945571303367615
    ]
  ],
  "per_chain_pair_iptm": [
    [
      [
        0.9167646765708923,
        0.8903492093086243,
        0.4501758813858032
      ],
      [
        0.9263189435005188,
        0.9467867016792297,
        0.3650875985622406
      ],
      [
        0.4395734965801239,
        0.23242582380771637,
        0.6945571303367615
      ]
    ]
  ],
  "has_inter_chain_clashes": false,
  "chain_chain_clashes": [
    [
      [
        0,
        0,
        0
      ],
      [
        0,
        0,
        0
      ],
      [
        0,
        0,
        0
      ]
    ]
  ]
}