{
  "aggregate_score": 0.9181718826293945,
  "ptm": 0.9370214939117432,
  "iptm": 0.9134594798088074,
  "per_chain_ptm": [
    [
      0.9166954755783081,
      0.9469841718673706,
      0.6906104683876038
    ]
  ],
  "per_chain_pair_iptm": [
    [
      [
        0.9166954755783081,
        0.8906750082969666,
        0.44380983710289
      ],
      [
        0.9269415736198425,
        0.9469841718673706,
        0.3660711348056793
      ],
      [
        0.3971331715583801,
        0.2114241123199463,
        0.6906104683876038
      ]
    ]
  ],
  "has_inter_chain_clashes": false,
  "chain_chain_clashes": [
    [
      [
        0,
        0,
        0
      ],
      [
        0,
        0,
        0
      ],
      [
        0,
        0,
        0
      ]
    ]
  ]
}