{
  "aggregate_score": 0.9176514744758606,
  "ptm": 0.9366554617881775,
  "iptm": 0.9129005074501038,
  "per_chain_ptm": [
    [
      0.9168204069137573,
      0.9475387334823608,
      0.6939886212348938
    ]
  ],
  "per_chain_pair_iptm": [
    [
      [
        0.9168204069137573,
        0.8905831575393677,
        0.44826433062553406
      ],
      [
        0.926824688911438,
        0.9475387334823608,
        0.3635692298412323
      ],
      [
        0.43417221307754517,
        0.2291443794965744,
        0.6939886212348938
      ]
    ]
  ],
  "has_inter_chain_clashes": false,
  "chain_chain_clashes": [
    [
      [
        0,
        0,
        0
      ],
      [
        0,
        0,
        0
      ],
      [
        0,
        0,
        0
      ]
    ]
  ]
}