{
  "aggregate_score": 0.8454079627990723,
  "ptm": 0.8818684220314026,
  "iptm": 0.8362928628921509,
  "per_chain_ptm": [
    [
      0.9045737385749817,
      0.9430121183395386,
      0.6940329074859619
    ]
  ],
  "per_chain_pair_iptm": [
    [
      [
        0.9045737385749817,
        0.8800667524337769,
        0.12969674170017242
      ],
      [
        0.9161036610603333,
        0.9430121183395386,
        0.11421177536249161
      ],
      [
        0.16676224768161774,
        0.09145556390285492,
        0.6940329074859619
      ]
    ]
  ],
  "has_inter_chain_clashes": false,
  "chain_chain_clashes": [
    [
      [
        0,
        0,
        0
      ],
      [
        0,
        0,
        0
      ],
      [
        0,
        0,
        0
      ]
    ]
  ]
}