{
  "aggregate_score": 0.8454588651657104,
  "ptm": 0.8818845152854919,
  "iptm": 0.8363524675369263,
  "per_chain_ptm": [
    [
      0.9046579003334045,
      0.9425593614578247,
      0.6944504380226135
    ]
  ],
  "per_chain_pair_iptm": [
    [
      [
        0.9046579003334045,
        0.880926251411438,
        0.1304982304573059
      ],
      [
        0.9161587953567505,
        0.9425593614578247,
        0.11577821522951126
      ],
      [
        0.16747015714645386,
        0.09185300767421722,
        0.6944504380226135
      ]
    ]
  ],
  "has_inter_chain_clashes": false,
  "chain_chain_clashes": [
    [
      [
        0,
        0,
        0
      ],
      [
        0,
        0,
        0
      ],
      [
        0,
        0,
        0
      ]
    ]
  ]
}