{
  "aggregate_score": 0.8456614017486572,
  "ptm": 0.8821274638175964,
  "iptm": 0.8365448117256165,
  "per_chain_ptm": [
    [
      0.904394268989563,
      0.942317008972168,
      0.6938093900680542
    ]
  ],
  "per_chain_pair_iptm": [
    [
      [
        0.904394268989563,
        0.8804935216903687,
        0.13108979165554047
      ],
      [
        0.9160435795783997,
        0.942317008972168,
        0.1153307780623436
      ],
      [
        0.1672532856464386,
        0.09287765622138977,
        0.6938093900680542
      ]
    ]
  ],
  "has_inter_chain_clashes": false,
  "chain_chain_clashes": [
    [
      [
        0,
        0,
        0
      ],
      [
        0,
        0,
        0
      ],
      [
        0,
        0,
        0
      ]
    ]
  ]
}