{
  "aggregate_score": 0.8454539775848389,
  "ptm": 0.8819587230682373,
  "iptm": 0.8363277316093445,
  "per_chain_ptm": [
    [
      0.9047203660011292,
      0.9434975385665894,
      0.6934636831283569
    ]
  ],
  "per_chain_pair_iptm": [
    [
      [
        0.9047203660011292,
        0.8806895017623901,
        0.13071422278881073
      ],
      [
        0.9160651564598083,
        0.9434975385665894,
        0.11529376357793808
      ],
      [
        0.1646902710199356,
        0.08913840353488922,
        0.6934636831283569
      ]
    ]
  ],
  "has_inter_chain_clashes": false,
  "chain_chain_clashes": [
    [
      [
        0,
        0,
        0
      ],
      [
        0,
        0,
        0
      ],
      [
        0,
        0,
        0
      ]
    ]
  ]
}