{
  "aggregate_score": 0.8454999327659607,
  "ptm": 0.8819584846496582,
  "iptm": 0.8363852500915527,
  "per_chain_ptm": [
    [
      0.9040879607200623,
      0.9428693056106567,
      0.6940469741821289
    ]
  ],
  "per_chain_pair_iptm": [
    [
      [
        0.9040879607200623,
        0.8800083994865417,
        0.13112683594226837
      ],
      [
        0.9159201979637146,
        0.9428693056106567,
        0.11724326014518738
      ],
      [
        0.16693845391273499,
        0.09164216369390488,
        0.6940469741821289
      ]
    ]
  ],
  "has_inter_chain_clashes": false,
  "chain_chain_clashes": [
    [
      [
        0,
        0,
        0
      ],
      [
        0,
        0,
        0
      ],
      [
        0,
        0,
        0
      ]
    ]
  ]
}