{
  "aggregate_score": 0.7800502181053162,
  "ptm": 0.8199082612991333,
  "iptm": 0.7700856924057007,
  "per_chain_ptm": [
    [
      0.8923633694648743,
      0.9330888390541077,
      0.4938623905181885
    ]
  ],
  "per_chain_pair_iptm": [
    [
      [
        0.8923633694648743,
        0.873611569404602,
        0.47380197048187256
      ],
      [
        0.9041268825531006,
        0.9330888390541077,
        0.4848555326461792
      ],
      [
        0.35273656249046326,
        0.2034905105829239,
        0.4938623905181885
      ]
    ]
  ],
  "has_inter_chain_clashes": false,
  "chain_chain_clashes": [
    [
      [
        0,
        0,
        0
      ],
      [
        0,
        0,
        0
      ],
      [
        0,
        0,
        1
      ]
    ]
  ]
}