{
  "aggregate_score": 0.7665879726409912,
  "ptm": 0.8084020018577576,
  "iptm": 0.7561344504356384,
  "per_chain_ptm": [
    [
      0.8928924798965454,
      0.9349384903907776,
      0.48113852739334106
    ]
  ],
  "per_chain_pair_iptm": [
    [
      [
        0.8928924798965454,
        0.8737057447433472,
        0.44245678186416626
      ],
      [
        0.9036169648170471,
        0.9349384903907776,
        0.45346277952194214
      ],
      [
        0.3152490556240082,
        0.15656237304210663,
        0.48113852739334106
      ]
    ]
  ],
  "has_inter_chain_clashes": false,
  "chain_chain_clashes": [
    [
      [
        0,
        0,
        0
      ],
      [
        0,
        0,
        0
      ],
      [
        0,
        0,
        1
      ]
    ]
  ]
}