{
  "aggregate_score": 0.7636486887931824,
  "ptm": 0.8058059811592102,
  "iptm": 0.7531093955039978,
  "per_chain_ptm": [
    [
      0.8936142921447754,
      0.9332018494606018,
      0.48272043466567993
    ]
  ],
  "per_chain_pair_iptm": [
    [
      [
        0.8936142921447754,
        0.872563362121582,
        0.4420165419578552
      ],
      [
        0.9032329320907593,
        0.9332018494606018,
        0.4466972351074219
      ],
      [
        0.32890585064888,
        0.1822950690984726,
        0.48272043466567993
      ]
    ]
  ],
  "has_inter_chain_clashes": false,
  "chain_chain_clashes": [
    [
      [
        0,
        0,
        0
      ],
      [
        0,
        0,
        0
      ],
      [
        0,
        0,
        0
      ]
    ]
  ]
}