{
  "aggregate_score": 0.7610757946968079,
  "ptm": 0.8037430644035339,
  "iptm": 0.750408947467804,
  "per_chain_ptm": [
    [
      0.891783595085144,
      0.9343583583831787,
      0.48101329803466797
    ]
  ],
  "per_chain_pair_iptm": [
    [
      [
        0.891783595085144,
        0.8720874786376953,
        0.43582096695899963
      ],
      [
        0.9033300876617432,
        0.9343583583831787,
        0.4403241276741028
      ],
      [
        0.316934734582901,
        0.16401904821395874,
        0.48101329803466797
      ]
    ]
  ],
  "has_inter_chain_clashes": false,
  "chain_chain_clashes": [
    [
      [
        0,
        0,
        0
      ],
      [
        0,
        0,
        0
      ],
      [
        0,
        0,
        1
      ]
    ]
  ]
}