{
  "aggregate_score": 0.7624293565750122,
  "ptm": 0.8048878312110901,
  "iptm": 0.7518147826194763,
  "per_chain_ptm": [
    [
      0.8966947197914124,
      0.935247540473938,
      0.4774625301361084
    ]
  ],
  "per_chain_pair_iptm": [
    [
      [
        0.8966947197914124,
        0.8757924437522888,
        0.4330328702926636
      ],
      [
        0.9057164788246155,
        0.935247540473938,
        0.4400221109390259
      ],
      [
        0.3138641119003296,
        0.16834135353565216,
        0.4774625301361084
      ]
    ]
  ],
  "has_inter_chain_clashes": false,
  "chain_chain_clashes": [
    [
      [
        0,
        0,
        0
      ],
      [
        0,
        0,
        0
      ],
      [
        0,
        0,
        0
      ]
    ]
  ]
}