{
  "aggregate_score": 0.8371930122375488,
  "ptm": 0.8729056715965271,
  "iptm": 0.8282648921012878,
  "per_chain_ptm": [
    [
      0.9120747447013855,
      0.9482433199882507,
      0.31438225507736206
    ]
  ],
  "per_chain_pair_iptm": [
    [
      [
        0.9120747447013855,
        0.9004546403884888,
        0.3223167657852173
      ],
      [
        0.915866494178772,
        0.9482433199882507,
        0.31453946232795715
      ],
      [
        0.19352492690086365,
        0.08334153145551682,
        0.31438225507736206
      ]
    ]
  ],
  "has_inter_chain_clashes": false,
  "chain_chain_clashes": [
    [
      [
        0,
        0,
        0
      ],
      [
        0,
        0,
        0
      ],
      [
        0,
        0,
        0
      ]
    ]
  ]
}