{
  "aggregate_score": 0.8366417288780212,
  "ptm": 0.8724758625030518,
  "iptm": 0.8276832103729248,
  "per_chain_ptm": [
    [
      0.9119373559951782,
      0.948050856590271,
      0.3153916299343109
    ]
  ],
  "per_chain_pair_iptm": [
    [
      [
        0.9119373559951782,
        0.9005479216575623,
        0.3231125473976135
      ],
      [
        0.9158547520637512,
        0.948050856590271,
        0.31404387950897217
      ],
      [
        0.21418483555316925,
        0.092128686606884,
        0.3153916299343109
      ]
    ]
  ],
  "has_inter_chain_clashes": false,
  "chain_chain_clashes": [
    [
      [
        0,
        0,
        0
      ],
      [
        0,
        0,
        0
      ],
      [
        0,
        0,
        0
      ]
    ]
  ]
}