{
  "aggregate_score": 0.8383402824401855,
  "ptm": 0.8738055229187012,
  "iptm": 0.8294739127159119,
  "per_chain_ptm": [
    [
      0.9127765893936157,
      0.9485791325569153,
      0.30996429920196533
    ]
  ],
  "per_chain_pair_iptm": [
    [
      [
        0.9127765893936157,
        0.901190459728241,
        0.31629982590675354
      ],
      [
        0.9170201420783997,
        0.9485791325569153,
        0.3126612901687622
      ],
      [
        0.19152694940567017,
        0.08146126568317413,
        0.30996429920196533
      ]
    ]
  ],
  "has_inter_chain_clashes": false,
  "chain_chain_clashes": [
    [
      [
        0,
        0,
        0
      ],
      [
        0,
        0,
        0
      ],
      [
        0,
        0,
        0
      ]
    ]
  ]
}