{
  "aggregate_score": 0.834526538848877,
  "ptm": 0.870764434337616,
  "iptm": 0.8254669904708862,
  "per_chain_ptm": [
    [
      0.9119197130203247,
      0.9483038187026978,
      0.317551851272583
    ]
  ],
  "per_chain_pair_iptm": [
    [
      [
        0.9119197130203247,
        0.9006081223487854,
        0.3046742379665375
      ],
      [
        0.915815532207489,
        0.9483038187026978,
        0.29893121123313904
      ],
      [
        0.17692412436008453,
        0.07177609205245972,
        0.317551851272583
      ]
    ]
  ],
  "has_inter_chain_clashes": false,
  "chain_chain_clashes": [
    [
      [
        0,
        0,
        0
      ],
      [
        0,
        0,
        0
      ],
      [
        0,
        0,
        0
      ]
    ]
  ]
}