{
  "aggregate_score": 0.8380650281906128,
  "ptm": 0.8736300468444824,
  "iptm": 0.829173743724823,
  "per_chain_ptm": [
    [
      0.9109044075012207,
      0.9484744668006897,
      0.3115372955799103
    ]
  ],
  "per_chain_pair_iptm": [
    [
      [
        0.9109044075012207,
        0.8997395634651184,
        0.32817211747169495
      ],
      [
        0.9166927337646484,
        0.9484744668006897,
        0.32183313369750977
      ],
      [
        0.21722595393657684,
        0.0937405526638031,
        0.3115372955799103
      ]
    ]
  ],
  "has_inter_chain_clashes": false,
  "chain_chain_clashes": [
    [
      [
        0,
        0,
        0
      ],
      [
        0,
        0,
        0
      ],
      [
        0,
        0,
        0
      ]
    ]
  ]
}