{
  "aggregate_score": 0.9270351529121399,
  "ptm": 0.9446744918823242,
  "iptm": 0.9226253032684326,
  "per_chain_ptm": [
    [
      0.9091302156448364,
      0.9437601566314697,
      0.8073496222496033
    ]
  ],
  "per_chain_pair_iptm": [
    [
      [
        0.9091302156448364,
        0.8911163210868835,
        0.7457484602928162
      ],
      [
        0.9213960766792297,
        0.9437601566314697,
        0.5609248876571655
      ],
      [
        0.7020028233528137,
        0.47053325176239014,
        0.8073496222496033
      ]
    ]
  ],
  "has_inter_chain_clashes": false,
  "chain_chain_clashes": [
    [
      [
        0,
        0,
        0
      ],
      [
        0,
        0,
        0
      ],
      [
        0,
        0,
        0
      ]
    ]
  ]
}