{
  "aggregate_score": 0.9268273115158081,
  "ptm": 0.9444684982299805,
  "iptm": 0.9224170446395874,
  "per_chain_ptm": [
    [
      0.909045934677124,
      0.9435797929763794,
      0.8084185123443604
    ]
  ],
  "per_chain_pair_iptm": [
    [
      [
        0.909045934677124,
        0.8903595805168152,
        0.7449619770050049
      ],
      [
        0.921012818813324,
        0.9435797929763794,
        0.5627244710922241
      ],
      [
        0.7085016369819641,
        0.47646573185920715,
        0.8084185123443604
      ]
    ]
  ],
  "has_inter_chain_clashes": false,
  "chain_chain_clashes": [
    [
      [
        0,
        0,
        0
      ],
      [
        0,
        0,
        0
      ],
      [
        0,
        0,
        0
      ]
    ]
  ]
}