{
  "aggregate_score": 0.9263882040977478,
  "ptm": 0.9440990686416626,
  "iptm": 0.9219604730606079,
  "per_chain_ptm": [
    [
      0.9084338545799255,
      0.9428187608718872,
      0.8051872849464417
    ]
  ],
  "per_chain_pair_iptm": [
    [
      [
        0.9084338545799255,
        0.8906196355819702,
        0.7440633773803711
      ],
      [
        0.9207223653793335,
        0.9428187608718872,
        0.5600481629371643
      ],
      [
        0.7021887898445129,
        0.47307419776916504,
        0.8051872849464417
      ]
    ]
  ],
  "has_inter_chain_clashes": false,
  "chain_chain_clashes": [
    [
      [
        0,
        0,
        0
      ],
      [
        0,
        0,
        0
      ],
      [
        0,
        0,
        0
      ]
    ]
  ]
}