{
  "aggregate_score": 0.928444504737854,
  "ptm": 0.9457178711891174,
  "iptm": 0.9241260886192322,
  "per_chain_ptm": [
    [
      0.9102180600166321,
      0.9436944127082825,
      0.8062571287155151
    ]
  ],
  "per_chain_pair_iptm": [
    [
      [
        0.9102180600166321,
        0.8926588296890259,
        0.7421489357948303
      ],
      [
        0.9230652451515198,
        0.9436944127082825,
        0.5622538328170776
      ],
      [
        0.7027274966239929,
        0.46959978342056274,
        0.8062571287155151
      ]
    ]
  ],
  "has_inter_chain_clashes": false,
  "chain_chain_clashes": [
    [
      [
        0,
        0,
        0
      ],
      [
        0,
        0,
        0
      ],
      [
        0,
        0,
        0
      ]
    ]
  ]
}