{
  "aggregate_score": 0.9268429279327393,
  "ptm": 0.944498598575592,
  "iptm": 0.9224290251731873,
  "per_chain_ptm": [
    [
      0.9088580012321472,
      0.9440156817436218,
      0.8070484399795532
    ]
  ],
  "per_chain_pair_iptm": [
    [
      [
        0.9088580012321472,
        0.892024040222168,
        0.743125319480896
      ],
      [
        0.9210951328277588,
        0.9440156817436218,
        0.5623898506164551
      ],
      [
        0.7057110071182251,
        0.47490864992141724,
        0.8070484399795532
      ]
    ]
  ],
  "has_inter_chain_clashes": false,
  "chain_chain_clashes": [
    [
      [
        0,
        0,
        0
      ],
      [
        0,
        0,
        0
      ],
      [
        0,
        0,
        0
      ]
    ]
  ]
}