{
  "aggregate_score": 0.9049989581108093,
  "ptm": 0.928253173828125,
  "iptm": 0.8991853594779968,
  "per_chain_ptm": [
    [
      0.9101418256759644,
      0.9442871809005737,
      0.45184099674224854
    ]
  ],
  "per_chain_pair_iptm": [
    [
      [
        0.9101418256759644,
        0.892278790473938,
        0.503552258014679
      ],
      [
        0.9157316088676453,
        0.9442871809005737,
        0.4386417865753174
      ],
      [
        0.3556040823459625,
        0.19281820952892303,
        0.45184099674224854
      ]
    ]
  ],
  "has_inter_chain_clashes": false,
  "chain_chain_clashes": [
    [
      [
        0,
        0,
        0
      ],
      [
        0,
        0,
        0
      ],
      [
        0,
        0,
        0
      ]
    ]
  ]
}