{
  "aggregate_score": 0.8826934099197388,
  "ptm": 0.9109873175621033,
  "iptm": 0.8756199479103088,
  "per_chain_ptm": [
    [
      0.9094077944755554,
      0.9439237117767334,
      0.41495218873023987
    ]
  ],
  "per_chain_pair_iptm": [
    [
      [
        0.9094077944755554,
        0.8908854126930237,
        0.29872530698776245
      ],
      [
        0.9157484173774719,
        0.9439237117767334,
        0.26675620675086975
      ],
      [
        0.22165359556674957,
        0.1112091988325119,
        0.41495218873023987
      ]
    ]
  ],
  "has_inter_chain_clashes": false,
  "chain_chain_clashes": [
    [
      [
        0,
        0,
        0
      ],
      [
        0,
        0,
        0
      ],
      [
        0,
        0,
        0
      ]
    ]
  ]
}