{
  "aggregate_score": 0.9028019905090332,
  "ptm": 0.9267691373825073,
  "iptm": 0.8968102335929871,
  "per_chain_ptm": [
    [
      0.9097615480422974,
      0.9444414377212524,
      0.4358784556388855
    ]
  ],
  "per_chain_pair_iptm": [
    [
      [
        0.9097615480422974,
        0.8915424346923828,
        0.4866380989551544
      ],
      [
        0.9155914187431335,
        0.9444414377212524,
        0.4144113063812256
      ],
      [
        0.27862048149108887,
        0.1372087448835373,
        0.4358784556388855
      ]
    ]
  ],
  "has_inter_chain_clashes": false,
  "chain_chain_clashes": [
    [
      [
        0,
        0,
        0
      ],
      [
        0,
        0,
        0
      ],
      [
        0,
        0,
        0
      ]
    ]
  ]
}