{
  "aggregate_score": 0.9064899682998657,
  "ptm": 0.9293720722198486,
  "iptm": 0.9007694125175476,
  "per_chain_ptm": [
    [
      0.9097403287887573,
      0.9443219900131226,
      0.4546968936920166
    ]
  ],
  "per_chain_pair_iptm": [
    [
      [
        0.9097403287887573,
        0.8921591639518738,
        0.5155274271965027
      ],
      [
        0.9161930084228516,
        0.9443219900131226,
        0.45058178901672363
      ],
      [
        0.3614872395992279,
        0.1989213228225708,
        0.4546968936920166
      ]
    ]
  ],
  "has_inter_chain_clashes": false,
  "chain_chain_clashes": [
    [
      [
        0,
        0,
        0
      ],
      [
        0,
        0,
        0
      ],
      [
        0,
        0,
        0
      ]
    ]
  ]
}