{
  "aggregate_score": 0.9063069224357605,
  "ptm": 0.9291883707046509,
  "iptm": 0.9005865454673767,
  "per_chain_ptm": [
    [
      0.9096956253051758,
      0.9447059035301208,
      0.4542056918144226
    ]
  ],
  "per_chain_pair_iptm": [
    [
      [
        0.9096956253051758,
        0.8921909332275391,
        0.5121819376945496
      ],
      [
        0.916232168674469,
        0.9447059035301208,
        0.44888070225715637
      ],
      [
        0.3588854670524597,
        0.19882608950138092,
        0.4542056918144226
      ]
    ]
  ],
  "has_inter_chain_clashes": false,
  "chain_chain_clashes": [
    [
      [
        0,
        0,
        0
      ],
      [
        0,
        0,
        0
      ],
      [
        0,
        0,
        0
      ]
    ]
  ]
}