{
  "aggregate_score": 0.9127832055091858,
  "ptm": 0.9371269345283508,
  "iptm": 0.9066972732543945,
  "per_chain_ptm": [
    [
      0.9145399928092957,
      0.945655107498169,
      0.1053914725780487
    ]
  ],
  "per_chain_pair_iptm": [
    [
      [
        0.9145399928092957,
        0.8905623555183411,
        0.030443202704191208
      ],
      [
        0.9227123260498047,
        0.945655107498169,
        0.024143699556589127
      ],
      [
        0.18868127465248108,
        0.07969014346599579,
        0.1053914725780487
      ]
    ]
  ],
  "has_inter_chain_clashes": false,
  "chain_chain_clashes": [
    [
      [
        0,
        0,
        0
      ],
      [
        0,
        0,
        0
      ],
      [
        0,
        0,
        0
      ]
    ]
  ]
}