{
  "aggregate_score": 0.9130076169967651,
  "ptm": 0.9372884631156921,
  "iptm": 0.9069374203681946,
  "per_chain_ptm": [
    [
      0.915095329284668,
      0.9456085562705994,
      0.10544019937515259
    ]
  ],
  "per_chain_pair_iptm": [
    [
      [
        0.915095329284668,
        0.8908495903015137,
        0.030637158080935478
      ],
      [
        0.9232800602912903,
        0.9456085562705994,
        0.02371867746114731
      ],
      [
        0.18772275745868683,
        0.08019742369651794,
        0.10544019937515259
      ]
    ]
  ],
  "has_inter_chain_clashes": false,
  "chain_chain_clashes": [
    [
      [
        0,
        0,
        0
      ],
      [
        0,
        0,
        0
      ],
      [
        0,
        0,
        0
      ]
    ]
  ]
}