{
  "aggregate_score": 0.9128916263580322,
  "ptm": 0.9371353387832642,
  "iptm": 0.9068307280540466,
  "per_chain_ptm": [
    [
      0.9150010347366333,
      0.9453375339508057,
      0.10524377971887589
    ]
  ],
  "per_chain_pair_iptm": [
    [
      [
        0.9150010347366333,
        0.8905264139175415,
        0.02900443784892559
      ],
      [
        0.9231825470924377,
        0.9453375339508057,
        0.02351960353553295
      ],
      [
        0.1847214698791504,
        0.07964009046554565,
        0.10524377971887589
      ]
    ]
  ],
  "has_inter_chain_clashes": false,
  "chain_chain_clashes": [
    [
      [
        0,
        0,
        0
      ],
      [
        0,
        0,
        0
      ],
      [
        0,
        0,
        0
      ]
    ]
  ]
}