{
  "aggregate_score": 0.9123908281326294,
  "ptm": 0.9368278980255127,
  "iptm": 0.9062815308570862,
  "per_chain_ptm": [
    [
      0.9136666059494019,
      0.9442178010940552,
      0.10535212606191635
    ]
  ],
  "per_chain_pair_iptm": [
    [
      [
        0.9136666059494019,
        0.8894326090812683,
        0.030117645859718323
      ],
      [
        0.9224817752838135,
        0.9442178010940552,
        0.024352598935365677
      ],
      [
        0.18824481964111328,
        0.08131423592567444,
        0.10535212606191635
      ]
    ]
  ],
  "has_inter_chain_clashes": false,
  "chain_chain_clashes": [
    [
      [
        0,
        0,
        0
      ],
      [
        0,
        0,
        0
      ],
      [
        0,
        0,
        0
      ]
    ]
  ]
}