{
  "aggregate_score": 0.9128421545028687,
  "ptm": 0.9371958374977112,
  "iptm": 0.9067537784576416,
  "per_chain_ptm": [
    [
      0.9145660400390625,
      0.9450258016586304,
      0.10545803606510162
    ]
  ],
  "per_chain_pair_iptm": [
    [
      [
        0.9145660400390625,
        0.8909850120544434,
        0.03048352524638176
      ],
      [
        0.9228081107139587,
        0.9450258016586304,
        0.02384006418287754
      ],
      [
        0.18923065066337585,
        0.08066859841346741,
        0.10545803606510162
      ]
    ]
  ],
  "has_inter_chain_clashes": false,
  "chain_chain_clashes": [
    [
      [
        0,
        0,
        0
      ],
      [
        0,
        0,
        0
      ],
      [
        0,
        0,
        0
      ]
    ]
  ]
}