{
  "aggregate_score": 0.9219483733177185,
  "ptm": 0.9438937306404114,
  "iptm": 0.9164620041847229,
  "per_chain_ptm": [
    [
      0.9468193650245667,
      0.9172977209091187,
      0.10946672409772873
    ]
  ],
  "per_chain_pair_iptm": [
    [
      [
        0.9468193650245667,
        0.926221489906311,
        0.018695633858442307
      ],
      [
        0.8909669518470764,
        0.9172977209091187,
        0.028446033596992493
      ],
      [
        0.07813907414674759,
        0.19186881184577942,
        0.10946672409772873
      ]
    ]
  ],
  "has_inter_chain_clashes": false,
  "chain_chain_clashes": [
    [
      [
        0,
        0,
        0
      ],
      [
        0,
        0,
        0
      ],
      [
        0,
        0,
        0
      ]
    ]
  ]
}