{
  "aggregate_score": 0.9296630024909973,
  "ptm": 0.9494491815567017,
  "iptm": 0.9247164130210876,
  "per_chain_ptm": [
    [
      0.9456928372383118,
      0.9175229668617249,
      0.11198926717042923
    ]
  ],
  "per_chain_pair_iptm": [
    [
      [
        0.9456928372383118,
        0.9268840551376343,
        0.03329700604081154
      ],
      [
        0.8903442621231079,
        0.9175229668617249,
        0.05076935887336731
      ],
      [
        0.1156056672334671,
        0.25662022829055786,
        0.11198926717042923
      ]
    ]
  ],
  "has_inter_chain_clashes": false,
  "chain_chain_clashes": [
    [
      [
        0,
        0,
        0
      ],
      [
        0,
        0,
        0
      ],
      [
        0,
        0,
        0
      ]
    ]
  ]
}