{
  "aggregate_score": 0.9289809465408325,
  "ptm": 0.9489653706550598,
  "iptm": 0.9239848852157593,
  "per_chain_ptm": [
    [
      0.9454640746116638,
      0.9170216917991638,
      0.1109447106719017
    ]
  ],
  "per_chain_pair_iptm": [
    [
      [
        0.9454640746116638,
        0.9261348247528076,
        0.033386584371328354
      ],
      [
        0.8895857334136963,
        0.9170216917991638,
        0.05020787566900253
      ],
      [
        0.11674950271844864,
        0.25784170627593994,
        0.1109447106719017
      ]
    ]
  ],
  "has_inter_chain_clashes": false,
  "chain_chain_clashes": [
    [
      [
        0,
        0,
        0
      ],
      [
        0,
        0,
        0
      ],
      [
        0,
        0,
        0
      ]
    ]
  ]
}