{
  "aggregate_score": 0.9291180968284607,
  "ptm": 0.9490343332290649,
  "iptm": 0.9241390228271484,
  "per_chain_ptm": [
    [
      0.9455488324165344,
      0.9178692102432251,
      0.11050088703632355
    ]
  ],
  "per_chain_pair_iptm": [
    [
      [
        0.9455488324165344,
        0.9262275099754333,
        0.03378280997276306
      ],
      [
        0.8906252384185791,
        0.9178692102432251,
        0.04963422566652298
      ],
      [
        0.11458288133144379,
        0.2542977035045624,
        0.11050088703632355
      ]
    ]
  ],
  "has_inter_chain_clashes": false,
  "chain_chain_clashes": [
    [
      [
        0,
        0,
        0
      ],
      [
        0,
        0,
        0
      ],
      [
        0,
        0,
        0
      ]
    ]
  ]
}