{
  "aggregate_score": 0.9295138716697693,
  "ptm": 0.9493421316146851,
  "iptm": 0.9245567321777344,
  "per_chain_ptm": [
    [
      0.9462836384773254,
      0.9176304340362549,
      0.11155650019645691
    ]
  ],
  "per_chain_pair_iptm": [
    [
      [
        0.9462836384773254,
        0.9267098903656006,
        0.03469344228506088
      ],
      [
        0.8900689482688904,
        0.9176304340362549,
        0.05148414894938469
      ],
      [
        0.11620799452066422,
        0.2573871314525604,
        0.11155650019645691
      ]
    ]
  ],
  "has_inter_chain_clashes": false,
  "chain_chain_clashes": [
    [
      [
        0,
        0,
        0
      ],
      [
        0,
        0,
        0
      ],
      [
        0,
        0,
        0
      ]
    ]
  ]
}