{
  "aggregate_score": 0.90004563331604,
  "ptm": 0.9280529022216797,
  "iptm": 0.8930438160896301,
  "per_chain_ptm": [
    [
      0.9119987487792969,
      0.9473662376403809,
      0.16932669281959534
    ]
  ],
  "per_chain_pair_iptm": [
    [
      [
        0.9119987487792969,
        0.8971396088600159,
        0.04471169039607048
      ],
      [
        0.9147314429283142,
        0.9473662376403809,
        0.03974853456020355
      ],
      [
        0.164101243019104,
        0.05839729309082031,
        0.16932669281959534
      ]
    ]
  ],
  "has_inter_chain_clashes": false,
  "chain_chain_clashes": [
    [
      [
        0,
        0,
        0
      ],
      [
        0,
        0,
        0
      ],
      [
        0,
        0,
        0
      ]
    ]
  ]
}