{
  "aggregate_score": 0.9009433388710022,
  "ptm": 0.9283631443977356,
  "iptm": 0.8940883874893188,
  "per_chain_ptm": [
    [
      0.9122217893600464,
      0.9478306770324707,
      0.16802141070365906
    ]
  ],
  "per_chain_pair_iptm": [
    [
      [
        0.9122217893600464,
        0.8975622653961182,
        0.04708152264356613
      ],
      [
        0.9148997068405151,
        0.9478306770324707,
        0.040996003895998
      ],
      [
        0.16454538702964783,
        0.05823933705687523,
        0.16802141070365906
      ]
    ]
  ],
  "has_inter_chain_clashes": false,
  "chain_chain_clashes": [
    [
      [
        0,
        0,
        0
      ],
      [
        0,
        0,
        0
      ],
      [
        0,
        0,
        0
      ]
    ]
  ]
}