{
  "aggregate_score": 0.8988847732543945,
  "ptm": 0.9274564385414124,
  "iptm": 0.8917418122291565,
  "per_chain_ptm": [
    [
      0.9113569855690002,
      0.9478873610496521,
      0.16926784813404083
    ]
  ],
  "per_chain_pair_iptm": [
    [
      [
        0.9113569855690002,
        0.8971167206764221,
        0.04656200855970383
      ],
      [
        0.9135603904724121,
        0.9478873610496521,
        0.03974630683660507
      ],
      [
        0.16523417830467224,
        0.05908745154738426,
        0.16926784813404083
      ]
    ]
  ],
  "has_inter_chain_clashes": false,
  "chain_chain_clashes": [
    [
      [
        0,
        0,
        0
      ],
      [
        0,
        0,
        0
      ],
      [
        0,
        0,
        0
      ]
    ]
  ]
}