{
  "aggregate_score": 0.9050942659378052,
  "ptm": 0.9322264194488525,
  "iptm": 0.898311197757721,
  "per_chain_ptm": [
    [
      0.9126572012901306,
      0.9475529789924622,
      0.1681211292743683
    ]
  ],
  "per_chain_pair_iptm": [
    [
      [
        0.9126572012901306,
        0.8970922827720642,
        0.05589047819375992
      ],
      [
        0.9154655337333679,
        0.9475529789924622,
        0.04918161407113075
      ],
      [
        0.16341373324394226,
        0.0638330727815628,
        0.1681211292743683
      ]
    ]
  ],
  "has_inter_chain_clashes": false,
  "chain_chain_clashes": [
    [
      [
        0,
        0,
        0
      ],
      [
        0,
        0,
        0
      ],
      [
        0,
        0,
        0
      ]
    ]
  ]
}