{
  "aggregate_score": 0.9014146327972412,
  "ptm": 0.9298434257507324,
  "iptm": 0.8943073749542236,
  "per_chain_ptm": [
    [
      0.9118987917900085,
      0.9475860595703125,
      0.16772040724754333
    ]
  ],
  "per_chain_pair_iptm": [
    [
      [
        0.9118987917900085,
        0.8968151211738586,
        0.05131787434220314
      ],
      [
        0.914501965045929,
        0.9475860595703125,
        0.04305437207221985
      ],
      [
        0.16582395136356354,
        0.05978876352310181,
        0.16772040724754333
      ]
    ]
  ],
  "has_inter_chain_clashes": false,
  "chain_chain_clashes": [
    [
      [
        0,
        0,
        0
      ],
      [
        0,
        0,
        0
      ],
      [
        0,
        0,
        0
      ]
    ]
  ]
}