{
  "aggregate_score": 0.919104278087616,
  "ptm": 0.940883219242096,
  "iptm": 0.9136595726013184,
  "per_chain_ptm": [
    [
      0.9137892723083496,
      0.9467140436172485,
      0.7404432892799377
    ]
  ],
  "per_chain_pair_iptm": [
    [
      [
        0.9137892723083496,
        0.8992048501968384,
        0.5412520170211792
      ],
      [
        0.916122317314148,
        0.9467140436172485,
        0.4424685835838318
      ],
      [
        0.6077991724014282,
        0.38097184896469116,
        0.7404432892799377
      ]
    ]
  ],
  "has_inter_chain_clashes": false,
  "chain_chain_clashes": [
    [
      [
        0,
        0,
        0
      ],
      [
        0,
        0,
        0
      ],
      [
        0,
        0,
        0
      ]
    ]
  ]
}