{
  "aggregate_score": 0.9207683205604553,
  "ptm": 0.9421485662460327,
  "iptm": 0.9154232740402222,
  "per_chain_ptm": [
    [
      0.9133517742156982,
      0.9469905495643616,
      0.7446588277816772
    ]
  ],
  "per_chain_pair_iptm": [
    [
      [
        0.9133517742156982,
        0.8993841409683228,
        0.5537099242210388
      ],
      [
        0.9163615107536316,
        0.9469905495643616,
        0.45972856879234314
      ],
      [
        0.6042444705963135,
        0.38069677352905273,
        0.7446588277816772
      ]
    ]
  ],
  "has_inter_chain_clashes": false,
  "chain_chain_clashes": [
    [
      [
        0,
        0,
        0
      ],
      [
        0,
        0,
        0
      ],
      [
        0,
        0,
        0
      ]
    ]
  ]
}