{
  "aggregate_score": 0.9177935123443604,
  "ptm": 0.9398269653320312,
  "iptm": 0.9122851490974426,
  "per_chain_ptm": [
    [
      0.9130446910858154,
      0.9465187788009644,
      0.7396813631057739
    ]
  ],
  "per_chain_pair_iptm": [
    [
      [
        0.9130446910858154,
        0.898589551448822,
        0.544166088104248
      ],
      [
        0.9150104522705078,
        0.9465187788009644,
        0.44229450821876526
      ],
      [
        0.6094765663146973,
        0.3820783793926239,
        0.7396813631057739
      ]
    ]
  ],
  "has_inter_chain_clashes": false,
  "chain_chain_clashes": [
    [
      [
        0,
        0,
        0
      ],
      [
        0,
        0,
        0
      ],
      [
        0,
        0,
        0
      ]
    ]
  ]
}