{
  "aggregate_score": 0.9208351373672485,
  "ptm": 0.9421480894088745,
  "iptm": 0.915506899356842,
  "per_chain_ptm": [
    [
      0.9137780070304871,
      0.9468691349029541,
      0.743946373462677
    ]
  ],
  "per_chain_pair_iptm": [
    [
      [
        0.9137780070304871,
        0.8996074795722961,
        0.5520657300949097
      ],
      [
        0.9165593981742859,
        0.9468691349029541,
        0.4586870074272156
      ],
      [
        0.6044359803199768,
        0.38012823462486267,
        0.743946373462677
      ]
    ]
  ],
  "has_inter_chain_clashes": false,
  "chain_chain_clashes": [
    [
      [
        0,
        0,
        0
      ],
      [
        0,
        0,
        0
      ],
      [
        0,
        0,
        0
      ]
    ]
  ]
}