{
  "aggregate_score": 0.9200093746185303,
  "ptm": 0.94156813621521,
  "iptm": 0.9146196842193604,
  "per_chain_ptm": [
    [
      0.9134278297424316,
      0.9471867084503174,
      0.7446461915969849
    ]
  ],
  "per_chain_pair_iptm": [
    [
      [
        0.9134278297424316,
        0.8996978402137756,
        0.556891918182373
      ],
      [
        0.9156940579414368,
        0.9471867084503174,
        0.4566419720649719
      ],
      [
        0.606517493724823,
        0.380605548620224,
        0.7446461915969849
      ]
    ]
  ],
  "has_inter_chain_clashes": false,
  "chain_chain_clashes": [
    [
      [
        0,
        0,
        0
      ],
      [
        0,
        0,
        0
      ],
      [
        0,
        0,
        0
      ]
    ]
  ]
}