{
  "aggregate_score": 0.8368558883666992,
  "ptm": 0.8732537031173706,
  "iptm": 0.8277564644813538,
  "per_chain_ptm": [
    [
      0.9450836777687073,
      0.9153152704238892,
      0.29729777574539185
    ]
  ],
  "per_chain_pair_iptm": [
    [
      [
        0.9450836777687073,
        0.9249744415283203,
        0.3137660324573517
      ],
      [
        0.8895734548568726,
        0.9153152704238892,
        0.3234538435935974
      ],
      [
        0.07077976316213608,
        0.17503680288791656,
        0.29729777574539185
      ]
    ]
  ],
  "has_inter_chain_clashes": false,
  "chain_chain_clashes": [
    [
      [
        0,
        0,
        0
      ],
      [
        0,
        0,
        0
      ],
      [
        0,
        0,
        0
      ]
    ]
  ]
}