{
  "aggregate_score": 0.8475061655044556,
  "ptm": 0.8818421363830566,
  "iptm": 0.8389222025871277,
  "per_chain_ptm": [
    [
      0.9458073973655701,
      0.9161519408226013,
      0.302482008934021
    ]
  ],
  "per_chain_pair_iptm": [
    [
      [
        0.9458073973655701,
        0.9248149394989014,
        0.3572797477245331
      ],
      [
        0.890716552734375,
        0.9161519408226013,
        0.3599246144294739
      ],
      [
        0.07972448319196701,
        0.18959596753120422,
        0.302482008934021
      ]
    ]
  ],
  "has_inter_chain_clashes": false,
  "chain_chain_clashes": [
    [
      [
        0,
        0,
        0
      ],
      [
        0,
        0,
        0
      ],
      [
        0,
        0,
        0
      ]
    ]
  ]
}