{
  "aggregate_score": 0.846463680267334,
  "ptm": 0.8809776306152344,
  "iptm": 0.8378351330757141,
  "per_chain_ptm": [
    [
      0.9465891122817993,
      0.9164590835571289,
      0.30132782459259033
    ]
  ],
  "per_chain_pair_iptm": [
    [
      [
        0.9465891122817993,
        0.9248505234718323,
        0.35211649537086487
      ],
      [
        0.8890947103500366,
        0.9164590835571289,
        0.3519657850265503
      ],
      [
        0.07825087010860443,
        0.1863463819026947,
        0.30132782459259033
      ]
    ]
  ],
  "has_inter_chain_clashes": false,
  "chain_chain_clashes": [
    [
      [
        0,
        0,
        0
      ],
      [
        0,
        0,
        0
      ],
      [
        0,
        0,
        0
      ]
    ]
  ]
}