{
  "aggregate_score": 0.8462693691253662,
  "ptm": 0.8807291388511658,
  "iptm": 0.8376544117927551,
  "per_chain_ptm": [
    [
      0.9449201822280884,
      0.9154952168464661,
      0.3008294105529785
    ]
  ],
  "per_chain_pair_iptm": [
    [
      [
        0.9449201822280884,
        0.924763560295105,
        0.3533674478530884
      ],
      [
        0.8904770612716675,
        0.9154952168464661,
        0.3528739809989929
      ],
      [
        0.0793556421995163,
        0.19275328516960144,
        0.3008294105529785
      ]
    ]
  ],
  "has_inter_chain_clashes": false,
  "chain_chain_clashes": [
    [
      [
        0,
        0,
        0
      ],
      [
        0,
        0,
        0
      ],
      [
        0,
        0,
        0
      ]
    ]
  ]
}