{
  "aggregate_score": 0.8416039943695068,
  "ptm": 0.8770864009857178,
  "iptm": 0.8327333331108093,
  "per_chain_ptm": [
    [
      0.9455128312110901,
      0.9161032438278198,
      0.2996225655078888
    ]
  ],
  "per_chain_pair_iptm": [
    [
      [
        0.9455128312110901,
        0.9244370460510254,
        0.3334296643733978
      ],
      [
        0.8900061845779419,
        0.9161032438278198,
        0.34061041474342346
      ],
      [
        0.07357647269964218,
        0.18756812810897827,
        0.2996225655078888
      ]
    ]
  ],
  "has_inter_chain_clashes": false,
  "chain_chain_clashes": [
    [
      [
        0,
        0,
        0
      ],
      [
        0,
        0,
        0
      ],
      [
        0,
        0,
        0
      ]
    ]
  ]
}