{
  "aggregate_score": 0.8381118774414062,
  "ptm": 0.8747723698616028,
  "iptm": 0.8289467692375183,
  "per_chain_ptm": [
    [
      0.9053657054901123,
      0.9431664347648621,
      0.31512802839279175
    ]
  ],
  "per_chain_pair_iptm": [
    [
      [
        0.9053657054901123,
        0.8897858262062073,
        0.3518567383289337
      ],
      [
        0.9121799468994141,
        0.9431664347648621,
        0.33658847212791443
      ],
      [
        0.21932491660118103,
        0.0947350412607193,
        0.31512802839279175
      ]
    ]
  ],
  "has_inter_chain_clashes": false,
  "chain_chain_clashes": [
    [
      [
        0,
        0,
        0
      ],
      [
        0,
        0,
        0
      ],
      [
        0,
        0,
        0
      ]
    ]
  ]
}