{
  "aggregate_score": 0.8376569747924805,
  "ptm": 0.8744837045669556,
  "iptm": 0.8284502625465393,
  "per_chain_ptm": [
    [
      0.9058877825737,
      0.9439396262168884,
      0.3162183165550232
    ]
  ],
  "per_chain_pair_iptm": [
    [
      [
        0.9058877825737,
        0.8913525938987732,
        0.34086352586746216
      ],
      [
        0.911894679069519,
        0.9439396262168884,
        0.3333107829093933
      ],
      [
        0.21291962265968323,
        0.09164723008871078,
        0.3162183165550232
      ]
    ]
  ],
  "has_inter_chain_clashes": false,
  "chain_chain_clashes": [
    [
      [
        0,
        0,
        0
      ],
      [
        0,
        0,
        0
      ],
      [
        0,
        0,
        0
      ]
    ]
  ]
}