{
  "aggregate_score": 0.835866391658783,
  "ptm": 0.8729624152183533,
  "iptm": 0.8265923261642456,
  "per_chain_ptm": [
    [
      0.9048101902008057,
      0.9428756237030029,
      0.3159066438674927
    ]
  ],
  "per_chain_pair_iptm": [
    [
      [
        0.9048101902008057,
        0.889678955078125,
        0.34435057640075684
      ],
      [
        0.9118167161941528,
        0.9428756237030029,
        0.33488571643829346
      ],
      [
        0.2029339224100113,
        0.08494839072227478,
        0.3159066438674927
      ]
    ]
  ],
  "has_inter_chain_clashes": false,
  "chain_chain_clashes": [
    [
      [
        0,
        0,
        0
      ],
      [
        0,
        0,
        0
      ],
      [
        0,
        0,
        0
      ]
    ]
  ]
}