{
  "aggregate_score": 0.8353683948516846,
  "ptm": 0.8725959658622742,
  "iptm": 0.826061487197876,
  "per_chain_ptm": [
    [
      0.904381275177002,
      0.9432802200317383,
      0.3153149485588074
    ]
  ],
  "per_chain_pair_iptm": [
    [
      [
        0.904381275177002,
        0.8891333341598511,
        0.341776043176651
      ],
      [
        0.9106946587562561,
        0.9432802200317383,
        0.3298754096031189
      ],
      [
        0.22157050669193268,
        0.09377015382051468,
        0.3153149485588074
      ]
    ]
  ],
  "has_inter_chain_clashes": false,
  "chain_chain_clashes": [
    [
      [
        0,
        0,
        0
      ],
      [
        0,
        0,
        0
      ],
      [
        0,
        0,
        0
      ]
    ]
  ]
}