{
  "aggregate_score": 0.8317816257476807,
  "ptm": 0.8696948289871216,
  "iptm": 0.822303295135498,
  "per_chain_ptm": [
    [
      0.9057233333587646,
      0.9426459074020386,
      0.31266891956329346
    ]
  ],
  "per_chain_pair_iptm": [
    [
      [
        0.9057233333587646,
        0.8902825117111206,
        0.31710171699523926
      ],
      [
        0.9121536612510681,
        0.9426459074020386,
        0.3131180703639984
      ],
      [
        0.1674138456583023,
        0.07240220159292221,
        0.31266891956329346
      ]
    ]
  ],
  "has_inter_chain_clashes": false,
  "chain_chain_clashes": [
    [
      [
        0,
        0,
        0
      ],
      [
        0,
        0,
        0
      ],
      [
        0,
        0,
        1
      ]
    ]
  ]
}