{
  "aggregate_score": 0.8940255641937256,
  "ptm": 0.9166398048400879,
  "iptm": 0.888372004032135,
  "per_chain_ptm": [
    [
      0.9081340432167053,
      0.9436037540435791,
      0.40530312061309814
    ]
  ],
  "per_chain_pair_iptm": [
    [
      [
        0.9081340432167053,
        0.8889819383621216,
        0.030451398342847824
      ],
      [
        0.918606698513031,
        0.9436037540435791,
        0.033349283039569855
      ],
      [
        0.1896061897277832,
        0.09113283455371857,
        0.40530312061309814
      ]
    ]
  ],
  "has_inter_chain_clashes": false,
  "chain_chain_clashes": [
    [
      [
        0,
        0,
        0
      ],
      [
        0,
        0,
        0
      ],
      [
        0,
        0,
        0
      ]
    ]
  ]
}