{
  "aggregate_score": 0.8925934433937073,
  "ptm": 0.9156160950660706,
  "iptm": 0.8868377804756165,
  "per_chain_ptm": [
    [
      0.9047980904579163,
      0.9433820247650146,
      0.40645119547843933
    ]
  ],
  "per_chain_pair_iptm": [
    [
      [
        0.9047980904579163,
        0.8877859115600586,
        0.030499134212732315
      ],
      [
        0.9168866872787476,
        0.9433820247650146,
        0.03379872813820839
      ],
      [
        0.19283756613731384,
        0.09245996177196503,
        0.40645119547843933
      ]
    ]
  ],
  "has_inter_chain_clashes": false,
  "chain_chain_clashes": [
    [
      [
        0,
        0,
        0
      ],
      [
        0,
        0,
        0
      ],
      [
        0,
        0,
        0
      ]
    ]
  ]
}