{
  "aggregate_score": 0.8935602307319641,
  "ptm": 0.91629958152771,
  "iptm": 0.8878753781318665,
  "per_chain_ptm": [
    [
      0.9068527817726135,
      0.943600058555603,
      0.40635910630226135
    ]
  ],
  "per_chain_pair_iptm": [
    [
      [
        0.9068527817726135,
        0.8883659243583679,
        0.03164632245898247
      ],
      [
        0.91776043176651,
        0.943600058555603,
        0.035571809858083725
      ],
      [
        0.1946129947900772,
        0.09188496321439743,
        0.40635910630226135
      ]
    ]
  ],
  "has_inter_chain_clashes": false,
  "chain_chain_clashes": [
    [
      [
        0,
        0,
        0
      ],
      [
        0,
        0,
        0
      ],
      [
        0,
        0,
        0
      ]
    ]
  ]
}