{
  "aggregate_score": 0.8935948014259338,
  "ptm": 0.9162499308586121,
  "iptm": 0.8879309892654419,
  "per_chain_ptm": [
    [
      0.905520498752594,
      0.9435216784477234,
      0.40646660327911377
    ]
  ],
  "per_chain_pair_iptm": [
    [
      [
        0.905520498752594,
        0.8871455192565918,
        0.03252768516540527
      ],
      [
        0.9175918102264404,
        0.9435216784477234,
        0.035265013575553894
      ],
      [
        0.19391848146915436,
        0.09277710318565369,
        0.40646660327911377
      ]
    ]
  ],
  "has_inter_chain_clashes": false,
  "chain_chain_clashes": [
    [
      [
        0,
        0,
        0
      ],
      [
        0,
        0,
        0
      ],
      [
        0,
        0,
        0
      ]
    ]
  ]
}