{
  "aggregate_score": 0.8937733173370361,
  "ptm": 0.9164586067199707,
  "iptm": 0.8881019353866577,
  "per_chain_ptm": [
    [
      0.9064857959747314,
      0.9434050917625427,
      0.4058258533477783
    ]
  ],
  "per_chain_pair_iptm": [
    [
      [
        0.9064857959747314,
        0.888663113117218,
        0.02988714911043644
      ],
      [
        0.9181368947029114,
        0.9434050917625427,
        0.03424312546849251
      ],
      [
        0.19481490552425385,
        0.09192302823066711,
        0.4058258533477783
      ]
    ]
  ],
  "has_inter_chain_clashes": false,
  "chain_chain_clashes": [
    [
      [
        0,
        0,
        0
      ],
      [
        0,
        0,
        0
      ],
      [
        0,
        0,
        0
      ]
    ]
  ]
}