{
  "aggregate_score": 0.9217956066131592,
  "ptm": 0.9401096105575562,
  "iptm": 0.9172171354293823,
  "per_chain_ptm": [
    [
      0.9154811501502991,
      0.9458686113357544,
      0.17503710091114044
    ]
  ],
  "per_chain_pair_iptm": [
    [
      [
        0.9154811501502991,
        0.8907518982887268,
        0.10546735674142838
      ],
      [
        0.9243678450584412,
        0.9458686113357544,
        0.07633543014526367
      ],
      [
        0.232389897108078,
        0.09823236614465714,
        0.17503710091114044
      ]
    ]
  ],
  "has_inter_chain_clashes": false,
  "chain_chain_clashes": [
    [
      [
        0,
        0,
        0
      ],
      [
        0,
        0,
        0
      ],
      [
        0,
        0,
        0
      ]
    ]
  ]
}