{
  "aggregate_score": 0.9211682677268982,
  "ptm": 0.939708411693573,
  "iptm": 0.9165332317352295,
  "per_chain_ptm": [
    [
      0.9150646924972534,
      0.9460466504096985,
      0.1742127239704132
    ]
  ],
  "per_chain_pair_iptm": [
    [
      [
        0.9150646924972534,
        0.891688346862793,
        0.10366882383823395
      ],
      [
        0.923952579498291,
        0.9460466504096985,
        0.07583051174879074
      ],
      [
        0.22941987216472626,
        0.09739203006029129,
        0.1742127239704132
      ]
    ]
  ],
  "has_inter_chain_clashes": false,
  "chain_chain_clashes": [
    [
      [
        0,
        0,
        0
      ],
      [
        0,
        0,
        0
      ],
      [
        0,
        0,
        0
      ]
    ]
  ]
}