{
  "aggregate_score": 0.9211150407791138,
  "ptm": 0.9396989941596985,
  "iptm": 0.9164690375328064,
  "per_chain_ptm": [
    [
      0.9151259660720825,
      0.9459971189498901,
      0.17521849274635315
    ]
  ],
  "per_chain_pair_iptm": [
    [
      [
        0.9151259660720825,
        0.8928037881851196,
        0.10448586195707321
      ],
      [
        0.92372727394104,
        0.9459971189498901,
        0.07598026096820831
      ],
      [
        0.23369507491588593,
        0.09949015080928802,
        0.17521849274635315
      ]
    ]
  ],
  "has_inter_chain_clashes": false,
  "chain_chain_clashes": [
    [
      [
        0,
        0,
        0
      ],
      [
        0,
        0,
        0
      ],
      [
        0,
        0,
        0
      ]
    ]
  ]
}