{
  "aggregate_score": 0.9215693473815918,
  "ptm": 0.9399451613426208,
  "iptm": 0.9169753193855286,
  "per_chain_ptm": [
    [
      0.9151755571365356,
      0.9454618692398071,
      0.17555966973304749
    ]
  ],
  "per_chain_pair_iptm": [
    [
      [
        0.9151755571365356,
        0.8919570446014404,
        0.1044519767165184
      ],
      [
        0.9242439866065979,
        0.9454618692398071,
        0.0761205181479454
      ],
      [
        0.2331586480140686,
        0.0990859642624855,
        0.17555966973304749
      ]
    ]
  ],
  "has_inter_chain_clashes": false,
  "chain_chain_clashes": [
    [
      [
        0,
        0,
        0
      ],
      [
        0,
        0,
        0
      ],
      [
        0,
        0,
        0
      ]
    ]
  ]
}