{
  "aggregate_score": 0.9211165904998779,
  "ptm": 0.9397071003913879,
  "iptm": 0.9164689183235168,
  "per_chain_ptm": [
    [
      0.9152705669403076,
      0.9452466368675232,
      0.17523622512817383
    ]
  ],
  "per_chain_pair_iptm": [
    [
      [
        0.9152705669403076,
        0.8916674256324768,
        0.10517782717943192
      ],
      [
        0.9235847592353821,
        0.9452466368675232,
        0.0762321799993515
      ],
      [
        0.23497560620307922,
        0.10013550519943237,
        0.17523622512817383
      ]
    ]
  ],
  "has_inter_chain_clashes": false,
  "chain_chain_clashes": [
    [
      [
        0,
        0,
        0
      ],
      [
        0,
        0,
        0
      ],
      [
        0,
        0,
        0
      ]
    ]
  ]
}