{
  "aggregate_score": 0.8161612749099731,
  "ptm": 0.8545045852661133,
  "iptm": 0.8065754175186157,
  "per_chain_ptm": [
    [
      0.9146428108215332,
      0.9453433752059937,
      0.3013850748538971
    ]
  ],
  "per_chain_pair_iptm": [
    [
      [
        0.9146428108215332,
        0.891747236251831,
        0.2851523160934448
      ],
      [
        0.9229788780212402,
        0.9453433752059937,
        0.2742402255535126
      ],
      [
        0.16538923978805542,
        0.06338569521903992,
        0.3013850748538971
      ]
    ]
  ],
  "has_inter_chain_clashes": false,
  "chain_chain_clashes": [
    [
      [
        0,
        0,
        0
      ],
      [
        0,
        0,
        0
      ],
      [
        0,
        0,
        0
      ]
    ]
  ]
}