{
  "aggregate_score": 0.8208356499671936,
  "ptm": 0.8586627840995789,
  "iptm": 0.8113788366317749,
  "per_chain_ptm": [
    [
      0.9154022932052612,
      0.9449079036712646,
      0.3024885654449463
    ]
  ],
  "per_chain_pair_iptm": [
    [
      [
        0.9154022932052612,
        0.8911647200584412,
        0.29317498207092285
      ],
      [
        0.923896074295044,
        0.9449079036712646,
        0.29163578152656555
      ],
      [
        0.18138398230075836,
        0.06957987695932388,
        0.3024885654449463
      ]
    ]
  ],
  "has_inter_chain_clashes": false,
  "chain_chain_clashes": [
    [
      [
        0,
        0,
        0
      ],
      [
        0,
        0,
        0
      ],
      [
        0,
        0,
        0
      ]
    ]
  ]
}