{
  "aggregate_score": 0.8218962550163269,
  "ptm": 0.8595103621482849,
  "iptm": 0.8124927282333374,
  "per_chain_ptm": [
    [
      0.9149624109268188,
      0.9447301030158997,
      0.30111414194107056
    ]
  ],
  "per_chain_pair_iptm": [
    [
      [
        0.9149624109268188,
        0.8920841217041016,
        0.29883885383605957
      ],
      [
        0.9231901168823242,
        0.9447301030158997,
        0.2951764166355133
      ],
      [
        0.17356280982494354,
        0.06443596631288528,
        0.30111414194107056
      ]
    ]
  ],
  "has_inter_chain_clashes": false,
  "chain_chain_clashes": [
    [
      [
        0,
        0,
        0
      ],
      [
        0,
        0,
        0
      ],
      [
        0,
        0,
        1
      ]
    ]
  ]
}