{
  "aggregate_score": 0.8217473030090332,
  "ptm": 0.8594024181365967,
  "iptm": 0.8123335242271423,
  "per_chain_ptm": [
    [
      0.9138172268867493,
      0.9444872140884399,
      0.3040851950645447
    ]
  ],
  "per_chain_pair_iptm": [
    [
      [
        0.9138172268867493,
        0.8907462954521179,
        0.3030530512332916
      ],
      [
        0.9230234622955322,
        0.9444872140884399,
        0.2984012961387634
      ],
      [
        0.176710307598114,
        0.06595887243747711,
        0.3040851950645447
      ]
    ]
  ],
  "has_inter_chain_clashes": false,
  "chain_chain_clashes": [
    [
      [
        0,
        1,
        0
      ],
      [
        1,
        0,
        0
      ],
      [
        0,
        0,
        1
      ]
    ]
  ]
}