{
  "aggregate_score": 0.8199561238288879,
  "ptm": 0.8576112389564514,
  "iptm": 0.8105422854423523,
  "per_chain_ptm": [
    [
      0.9156427979469299,
      0.9437950849533081,
      0.30103829503059387
    ]
  ],
  "per_chain_pair_iptm": [
    [
      [
        0.9156427979469299,
        0.8899725675582886,
        0.2896115779876709
      ],
      [
        0.923121988773346,
        0.9437950849533081,
        0.2874341607093811
      ],
      [
        0.17372767627239227,
        0.06557340919971466,
        0.30103829503059387
      ]
    ]
  ],
  "has_inter_chain_clashes": false,
  "chain_chain_clashes": [
    [
      [
        0,
        0,
        0
      ],
      [
        0,
        0,
        0
      ],
      [
        0,
        0,
        0
      ]
    ]
  ]
}