{
  "aggregate_score": 0.9055525064468384,
  "ptm": 0.9299920201301575,
  "iptm": 0.8994426727294922,
  "per_chain_ptm": [
    [
      0.9220166206359863,
      0.9508394002914429,
      0.3436746597290039,
      0.2274528592824936,
      0.1382260024547577
    ]
  ],
  "per_chain_pair_iptm": [
    [
      [
        0.9220166206359863,
        0.8952534198760986,
        0.4191986620426178,
        0.011491644196212292,
        0.01532754860818386
      ],
      [
        0.9325443506240845,
        0.9508394002914429,
        0.3657330572605133,
        0.010166218504309654,
        0.013454539701342583
      ],
      [
        0.25430673360824585,
        0.10695824027061462,
        0.3436746597290039,
        0.0016074152663350105,
        0.00223326962441206
      ],
      [
        0.11824671179056168,
        0.048146769404411316,
        0.025826111435890198,
        0.2274528592824936,
        0.0008047696901485324
      ],
      [
        0.15553957223892212,
        0.0584532655775547,
        0.03799697756767273,
        0.0007548416615463793,
        0.1382260024547577
      ]
    ]
  ],
  "has_inter_chain_clashes": false,
  "chain_chain_clashes": [
    [
      [
        0,
        0,
        0,
        0,
        0
      ],
      [
        0,
        0,
        0,
        0,
        0
      ],
      [
        0,
        0,
        0,
        0,
        0
      ],
      [
        0,
        0,
        0,
        0,
        0
      ],
      [
        0,
        0,
        0,
        0,
        0
      ]
    ]
  ]
}