{
  "aggregate_score": 0.9053619503974915,
  "ptm": 0.9298352003097534,
  "iptm": 0.8992436528205872,
  "per_chain_ptm": [
    [
      0.9215395450592041,
      0.9493284225463867,
      0.34410133957862854,
      0.22647374868392944,
      0.13809579610824585
    ]
  ],
  "per_chain_pair_iptm": [
    [
      [
        0.9215395450592041,
        0.8959565162658691,
        0.4203430116176605,
        0.011871431022882462,
        0.015608318150043488
      ],
      [
        0.9324377179145813,
        0.9493284225463867,
        0.3624718487262726,
        0.010519228875637054,
        0.013473297469317913
      ],
      [
        0.2568024694919586,
        0.1089073196053505,
        0.34410133957862854,
        0.001645079581066966,
        0.0021999350283294916
      ],
      [
        0.11890857666730881,
        0.04884811490774155,
        0.025438716635107994,
        0.22647374868392944,
        0.000830212258733809
      ],
      [
        0.15646421909332275,
        0.058995798230171204,
        0.038207363337278366,
        0.0007502152002416551,
        0.13809579610824585
      ]
    ]
  ],
  "has_inter_chain_clashes": false,
  "chain_chain_clashes": [
    [
      [
        0,
        0,
        0,
        0,
        0
      ],
      [
        0,
        0,
        0,
        0,
        0
      ],
      [
        0,
        0,
        0,
        0,
        0
      ],
      [
        0,
        0,
        0,
        0,
        0
      ],
      [
        0,
        0,
        0,
        0,
        0
      ]
    ]
  ]
}