{
  "aggregate_score": 0.9057035446166992,
  "ptm": 0.9300813674926758,
  "iptm": 0.8996090888977051,
  "per_chain_ptm": [
    [
      0.9225565791130066,
      0.9505847692489624,
      0.34462130069732666,
      0.2287641167640686,
      0.13837207853794098
    ]
  ],
  "per_chain_pair_iptm": [
    [
      [
        0.9225565791130066,
        0.8957349061965942,
        0.4191283583641052,
        0.011808829382061958,
        0.015433894470334053
      ],
      [
        0.932632565498352,
        0.9505847692489624,
        0.3633345067501068,
        0.010662814602255821,
        0.013162553310394287
      ],
      [
        0.25487273931503296,
        0.10785138607025146,
        0.34462130069732666,
        0.0016547986306250095,
        0.0022361078299582005
      ],
      [
        0.11830952018499374,
        0.04751123487949371,
        0.025266798213124275,
        0.2287641167640686,
        0.00080344476737082
      ],
      [
        0.15633928775787354,
        0.05878892168402672,
        0.03788429871201515,
        0.0007663734722882509,
        0.13837207853794098
      ]
    ]
  ],
  "has_inter_chain_clashes": false,
  "chain_chain_clashes": [
    [
      [
        0,
        0,
        0,
        0,
        0
      ],
      [
        0,
        0,
        0,
        0,
        0
      ],
      [
        0,
        0,
        0,
        0,
        0
      ],
      [
        0,
        0,
        0,
        0,
        0
      ],
      [
        0,
        0,
        0,
        0,
        0
      ]
    ]
  ]
}