{
  "aggregate_score": 0.906545877456665,
  "ptm": 0.9307196140289307,
  "iptm": 0.9005023837089539,
  "per_chain_ptm": [
    [
      0.9216179847717285,
      0.9496957063674927,
      0.3471730351448059,
      0.22679230570793152,
      0.13836561143398285
    ]
  ],
  "per_chain_pair_iptm": [
    [
      [
        0.9216179847717285,
        0.8957661390304565,
        0.4294493794441223,
        0.013842462562024593,
        0.01693199947476387
      ],
      [
        0.9321390986442566,
        0.9496957063674927,
        0.36900758743286133,
        0.017236560583114624,
        0.014468111097812653
      ],
      [
        0.2587253153324127,
        0.11040716618299484,
        0.3471730351448059,
        0.0006477468414232135,
        0.002341523766517639
      ],
      [
        0.10857339948415756,
        0.06965481489896774,
        0.013262518681585789,
        0.22679230570793152,
        0.000626470660790801
      ],
      [
        0.16574124991893768,
        0.06139308214187622,
        0.04310912638902664,
        0.000730135478079319,
        0.13836561143398285
      ]
    ]
  ],
  "has_inter_chain_clashes": false,
  "chain_chain_clashes": [
    [
      [
        0,
        0,
        0,
        0,
        0
      ],
      [
        0,
        0,
        0,
        0,
        0
      ],
      [
        0,
        0,
        0,
        0,
        0
      ],
      [
        0,
        0,
        0,
        0,
        0
      ],
      [
        0,
        0,
        0,
        0,
        0
      ]
    ]
  ]
}