{
  "aggregate_score": 0.904694139957428,
  "ptm": 0.9293397665023804,
  "iptm": 0.8985326886177063,
  "per_chain_ptm": [
    [
      0.9221290349960327,
      0.9511406421661377,
      0.3436497449874878,
      0.2269144356250763,
      0.1384105682373047
    ]
  ],
  "per_chain_pair_iptm": [
    [
      [
        0.9221290349960327,
        0.8964559435844421,
        0.41934388875961304,
        0.011552962474524975,
        0.015126440674066544
      ],
      [
        0.9321345686912537,
        0.9511406421661377,
        0.3613280951976776,
        0.010015366598963737,
        0.01291661337018013
      ],
      [
        0.2539796829223633,
        0.10759644955396652,
        0.3436497449874878,
        0.0016070374986156821,
        0.0021200980991125107
      ],
      [
        0.11873389780521393,
        0.04816965013742447,
        0.025679314509034157,
        0.2269144356250763,
        0.0008323497604578733
      ],
      [
        0.15706656873226166,
        0.0588596910238266,
        0.03795175999403,
        0.0007594086928293109,
        0.1384105682373047
      ]
    ]
  ],
  "has_inter_chain_clashes": false,
  "chain_chain_clashes": [
    [
      [
        0,
        0,
        0,
        0,
        0
      ],
      [
        0,
        0,
        0,
        0,
        0
      ],
      [
        0,
        0,
        0,
        0,
        0
      ],
      [
        0,
        0,
        0,
        0,
        0
      ],
      [
        0,
        0,
        0,
        0,
        0
      ]
    ]
  ]
}