{
  "aggregate_score": 0.8476085662841797,
  "ptm": 0.880623996257782,
  "iptm": 0.8393546938896179,
  "per_chain_ptm": [
    [
      0.9455258846282959,
      0.9147891402244568,
      0.22911424934864044
    ]
  ],
  "per_chain_pair_iptm": [
    [
      [
        0.9455258846282959,
        0.9234343767166138,
        0.3358158469200134
      ],
      [
        0.8894971013069153,
        0.9147891402244568,
        0.33580613136291504
      ],
      [
        0.12702882289886475,
        0.26880016922950745,
        0.22911424934864044
      ]
    ]
  ],
  "has_inter_chain_clashes": false,
  "chain_chain_clashes": [
    [
      [
        0,
        0,
        0
      ],
      [
        0,
        0,
        0
      ],
      [
        0,
        0,
        0
      ]
    ]
  ]
}