{
  "aggregate_score": 0.8480157852172852,
  "ptm": 0.8808632493019104,
  "iptm": 0.8398038744926453,
  "per_chain_ptm": [
    [
      0.9447705745697021,
      0.9149874448776245,
      0.22896306216716766
    ]
  ],
  "per_chain_pair_iptm": [
    [
      [
        0.9447705745697021,
        0.9227442145347595,
        0.33845752477645874
      ],
      [
        0.889082670211792,
        0.9149874448776245,
        0.33804184198379517
      ],
      [
        0.129231795668602,
        0.271182119846344,
        0.22896306216716766
      ]
    ]
  ],
  "has_inter_chain_clashes": false,
  "chain_chain_clashes": [
    [
      [
        0,
        0,
        0
      ],
      [
        0,
        0,
        0
      ],
      [
        0,
        0,
        0
      ]
    ]
  ]
}