{
  "aggregate_score": 0.854055643081665,
  "ptm": 0.8863077759742737,
  "iptm": 0.8459925651550293,
  "per_chain_ptm": [
    [
      0.9454143047332764,
      0.9145404100418091,
      0.23276177048683167
    ]
  ],
  "per_chain_pair_iptm": [
    [
      [
        0.9454143047332764,
        0.9234758615493774,
        0.36083149909973145
      ],
      [
        0.8889092803001404,
        0.9145404100418091,
        0.36015576124191284
      ],
      [
        0.12372606247663498,
        0.26157146692276,
        0.23276177048683167
      ]
    ]
  ],
  "has_inter_chain_clashes": false,
  "chain_chain_clashes": [
    [
      [
        0,
        0,
        0
      ],
      [
        0,
        0,
        0
      ],
      [
        0,
        0,
        0
      ]
    ]
  ]
}