{
  "aggregate_score": 0.854435384273529,
  "ptm": 0.8855836987495422,
  "iptm": 0.8466482758522034,
  "per_chain_ptm": [
    [
      0.9442014098167419,
      0.9138720631599426,
      0.2323462963104248
    ]
  ],
  "per_chain_pair_iptm": [
    [
      [
        0.9442014098167419,
        0.923152506351471,
        0.36442843079566956
      ],
      [
        0.8889573812484741,
        0.9138720631599426,
        0.3711136281490326
      ],
      [
        0.12761229276657104,
        0.26900091767311096,
        0.2323462963104248
      ]
    ]
  ],
  "has_inter_chain_clashes": false,
  "chain_chain_clashes": [
    [
      [
        0,
        0,
        0
      ],
      [
        0,
        0,
        0
      ],
      [
        0,
        0,
        0
      ]
    ]
  ]
}