{
  "aggregate_score": 0.8568316102027893,
  "ptm": 0.8874015808105469,
  "iptm": 0.8491891026496887,
  "per_chain_ptm": [
    [
      0.9455881118774414,
      0.9143555164337158,
      0.23329369723796844
    ]
  ],
  "per_chain_pair_iptm": [
    [
      [
        0.9455881118774414,
        0.9238483905792236,
        0.36782434582710266
      ],
      [
        0.8897348642349243,
        0.9143555164337158,
        0.37692615389823914
      ],
      [
        0.12231351435184479,
        0.26159924268722534,
        0.23329369723796844
      ]
    ]
  ],
  "has_inter_chain_clashes": false,
  "chain_chain_clashes": [
    [
      [
        0,
        0,
        0
      ],
      [
        0,
        0,
        0
      ],
      [
        0,
        0,
        0
      ]
    ]
  ]
}