{
  "aggregate_score": 0.8250306248664856,
  "ptm": 0.8630106449127197,
  "iptm": 0.8155356049537659,
  "per_chain_ptm": [
    [
      0.8940846920013428,
      0.9456853866577148,
      0.3240797221660614
    ]
  ],
  "per_chain_pair_iptm": [
    [
      [
        0.8940846920013428,
        0.8905969858169556,
        0.3202553689479828
      ],
      [
        0.9082626104354858,
        0.9456853866577148,
        0.3089712858200073
      ],
      [
        0.21442370116710663,
        0.09363503009080887,
        0.3240797221660614
      ]
    ]
  ],
  "has_inter_chain_clashes": false,
  "chain_chain_clashes": [
    [
      [
        0,
        0,
        0
      ],
      [
        0,
        0,
        0
      ],
      [
        0,
        0,
        0
      ]
    ]
  ]
}