{
  "aggregate_score": 0.8248229622840881,
  "ptm": 0.8626554012298584,
  "iptm": 0.8153648376464844,
  "per_chain_ptm": [
    [
      0.8911598324775696,
      0.9466464519500732,
      0.32596391439437866
    ]
  ],
  "per_chain_pair_iptm": [
    [
      [
        0.8911598324775696,
        0.8899521231651306,
        0.312600314617157
      ],
      [
        0.9065979719161987,
        0.9466464519500732,
        0.30695709586143494
      ],
      [
        0.21661537885665894,
        0.09456239640712738,
        0.32596391439437866
      ]
    ]
  ],
  "has_inter_chain_clashes": false,
  "chain_chain_clashes": [
    [
      [
        0,
        0,
        0
      ],
      [
        0,
        0,
        0
      ],
      [
        0,
        0,
        0
      ]
    ]
  ]
}