{
  "aggregate_score": 0.82542484998703,
  "ptm": 0.862356424331665,
  "iptm": 0.8161919116973877,
  "per_chain_ptm": [
    [
      0.8908615708351135,
      0.945618748664856,
      0.3255356550216675
    ]
  ],
  "per_chain_pair_iptm": [
    [
      [
        0.8908615708351135,
        0.8910447359085083,
        0.32021844387054443
      ],
      [
        0.9060472249984741,
        0.945618748664856,
        0.31039291620254517
      ],
      [
        0.21833442151546478,
        0.09490476548671722,
        0.3255356550216675
      ]
    ]
  ],
  "has_inter_chain_clashes": false,
  "chain_chain_clashes": [
    [
      [
        0,
        0,
        0
      ],
      [
        0,
        0,
        0
      ],
      [
        0,
        0,
        0
      ]
    ]
  ]
}