{
  "aggregate_score": 0.8259492516517639,
  "ptm": 0.8633241057395935,
  "iptm": 0.8166055083274841,
  "per_chain_ptm": [
    [
      0.8919697999954224,
      0.9462777376174927,
      0.3260609805583954
    ]
  ],
  "per_chain_pair_iptm": [
    [
      [
        0.8919697999954224,
        0.890379011631012,
        0.31895601749420166
      ],
      [
        0.9064131379127502,
        0.9462777376174927,
        0.3107103109359741
      ],
      [
        0.21599508821964264,
        0.09378033876419067,
        0.3260609805583954
      ]
    ]
  ],
  "has_inter_chain_clashes": false,
  "chain_chain_clashes": [
    [
      [
        0,
        0,
        0
      ],
      [
        0,
        0,
        0
      ],
      [
        0,
        0,
        0
      ]
    ]
  ]
}