{
  "aggregate_score": 0.8250338435173035,
  "ptm": 0.8624428510665894,
  "iptm": 0.8156815767288208,
  "per_chain_ptm": [
    [
      0.8932825326919556,
      0.9459118247032166,
      0.3241642415523529
    ]
  ],
  "per_chain_pair_iptm": [
    [
      [
        0.8932825326919556,
        0.8910001516342163,
        0.31981486082077026
      ],
      [
        0.9080333709716797,
        0.9459118247032166,
        0.3095094859600067
      ],
      [
        0.21695224940776825,
        0.09522898495197296,
        0.3241642415523529
      ]
    ]
  ],
  "has_inter_chain_clashes": false,
  "chain_chain_clashes": [
    [
      [
        0,
        0,
        0
      ],
      [
        0,
        0,
        0
      ],
      [
        0,
        0,
        0
      ]
    ]
  ]
}