{
  "aggregate_score": 0.9234569072723389,
  "ptm": 0.9452808499336243,
  "iptm": 0.9180009365081787,
  "per_chain_ptm": [
    [
      0.9461982846260071,
      0.9157780408859253,
      0.10481767356395721
    ]
  ],
  "per_chain_pair_iptm": [
    [
      [
        0.9461982846260071,
        0.9253004193305969,
        0.030290065333247185
      ],
      [
        0.8890941143035889,
        0.9157780408859253,
        0.041720353066921234
      ],
      [
        0.09904706478118896,
        0.23330901563167572,
        0.10481767356395721
      ]
    ]
  ],
  "has_inter_chain_clashes": false,
  "chain_chain_clashes": [
    [
      [
        0,
        0,
        0
      ],
      [
        0,
        0,
        0
      ],
      [
        0,
        0,
        0
      ]
    ]
  ]
}