{
  "aggregate_score": 0.9237261414527893,
  "ptm": 0.9454818367958069,
  "iptm": 0.9182871580123901,
  "per_chain_ptm": [
    [
      0.9459360241889954,
      0.9157595038414001,
      0.10481751710176468
    ]
  ],
  "per_chain_pair_iptm": [
    [
      [
        0.9459360241889954,
        0.9255795478820801,
        0.030673757195472717
      ],
      [
        0.8891700506210327,
        0.9157595038414001,
        0.04218468815088272
      ],
      [
        0.09798327088356018,
        0.23059217631816864,
        0.10481751710176468
      ]
    ]
  ],
  "has_inter_chain_clashes": false,
  "chain_chain_clashes": [
    [
      [
        0,
        0,
        0
      ],
      [
        0,
        0,
        0
      ],
      [
        0,
        0,
        0
      ]
    ]
  ]
}