{
  "aggregate_score": 0.9231131076812744,
  "ptm": 0.9449875950813293,
  "iptm": 0.9176445007324219,
  "per_chain_ptm": [
    [
      0.9458059072494507,
      0.9158207774162292,
      0.10491087287664413
    ]
  ],
  "per_chain_pair_iptm": [
    [
      [
        0.9458059072494507,
        0.9249119758605957,
        0.03107384219765663
      ],
      [
        0.8888775110244751,
        0.9158207774162292,
        0.042542826384305954
      ],
      [
        0.10079826414585114,
        0.23258990049362183,
        0.10491087287664413
      ]
    ]
  ],
  "has_inter_chain_clashes": false,
  "chain_chain_clashes": [
    [
      [
        0,
        0,
        0
      ],
      [
        0,
        0,
        0
      ],
      [
        0,
        0,
        0
      ]
    ]
  ]
}