{
  "aggregate_score": 0.9235337972640991,
  "ptm": 0.9453008770942688,
  "iptm": 0.9180919528007507,
  "per_chain_ptm": [
    [
      0.9459068775177002,
      0.9160215258598328,
      0.10500229895114899
    ]
  ],
  "per_chain_pair_iptm": [
    [
      [
        0.9459068775177002,
        0.925463080406189,
        0.030175745487213135
      ],
      [
        0.8886768221855164,
        0.9160215258598328,
        0.04136336222290993
      ],
      [
        0.09859056025743484,
        0.23130877315998077,
        0.10500229895114899
      ]
    ]
  ],
  "has_inter_chain_clashes": false,
  "chain_chain_clashes": [
    [
      [
        0,
        0,
        0
      ],
      [
        0,
        0,
        0
      ],
      [
        0,
        0,
        0
      ]
    ]
  ]
}