{
  "aggregate_score": 0.9236156940460205,
  "ptm": 0.9453333020210266,
  "iptm": 0.9181863069534302,
  "per_chain_ptm": [
    [
      0.9444735050201416,
      0.9160304069519043,
      0.10492990165948868
    ]
  ],
  "per_chain_pair_iptm": [
    [
      [
        0.9444735050201416,
        0.9254295229911804,
        0.03112669847905636
      ],
      [
        0.8881974220275879,
        0.9160304069519043,
        0.04175543785095215
      ],
      [
        0.10036556422710419,
        0.23512418568134308,
        0.10492990165948868
      ]
    ]
  ],
  "has_inter_chain_clashes": false,
  "chain_chain_clashes": [
    [
      [
        0,
        0,
        0
      ],
      [
        0,
        0,
        0
      ],
      [
        0,
        0,
        0
      ]
    ]
  ]
}