{
  "aggregate_score": 0.8891462683677673,
  "ptm": 0.9134297966957092,
  "iptm": 0.8830753564834595,
  "per_chain_ptm": [
    [
      0.9059415459632874,
      0.9424915909767151,
      0.40456217527389526
    ]
  ],
  "per_chain_pair_iptm": [
    [
      [
        0.9059415459632874,
        0.8890279531478882,
        0.035142987966537476
      ],
      [
        0.909572958946228,
        0.9424915909767151,
        0.03235093876719475
      ],
      [
        0.19951356947422028,
        0.09149298071861267,
        0.40456217527389526
      ]
    ]
  ],
  "has_inter_chain_clashes": false,
  "chain_chain_clashes": [
    [
      [
        0,
        0,
        0
      ],
      [
        0,
        0,
        0
      ],
      [
        0,
        0,
        0
      ]
    ]
  ]
}