{
  "aggregate_score": 0.8892937302589417,
  "ptm": 0.9134973883628845,
  "iptm": 0.8832427859306335,
  "per_chain_ptm": [
    [
      0.9065266847610474,
      0.9424547553062439,
      0.4040389657020569
    ]
  ],
  "per_chain_pair_iptm": [
    [
      [
        0.9065266847610474,
        0.8901222944259644,
        0.0328286848962307
      ],
      [
        0.9098533391952515,
        0.9424547553062439,
        0.03167051821947098
      ],
      [
        0.19904550909996033,
        0.09026485681533813,
        0.4040389657020569
      ]
    ]
  ],
  "has_inter_chain_clashes": false,
  "chain_chain_clashes": [
    [
      [
        0,
        0,
        0
      ],
      [
        0,
        0,
        0
      ],
      [
        0,
        0,
        0
      ]
    ]
  ]
}