{
  "aggregate_score": 0.8891247510910034,
  "ptm": 0.9133817553520203,
  "iptm": 0.8830604553222656,
  "per_chain_ptm": [
    [
      0.9062657356262207,
      0.9428613781929016,
      0.4046996235847473
    ]
  ],
  "per_chain_pair_iptm": [
    [
      [
        0.9062657356262207,
        0.8894268870353699,
        0.034507859498262405
      ],
      [
        0.9096000790596008,
        0.9428613781929016,
        0.03157449886202812
      ],
      [
        0.1977139711380005,
        0.09033161401748657,
        0.4046996235847473
      ]
    ]
  ],
  "has_inter_chain_clashes": false,
  "chain_chain_clashes": [
    [
      [
        0,
        0,
        0
      ],
      [
        0,
        0,
        0
      ],
      [
        0,
        0,
        0
      ]
    ]
  ]
}