{
  "aggregate_score": 0.8896889090538025,
  "ptm": 0.9138795137405396,
  "iptm": 0.883641242980957,
  "per_chain_ptm": [
    [
      0.9058009386062622,
      0.9424257874488831,
      0.40465283393859863
    ]
  ],
  "per_chain_pair_iptm": [
    [
      [
        0.9058009386062622,
        0.8890263438224792,
        0.03567509353160858
      ],
      [
        0.9093613624572754,
        0.9424257874488831,
        0.032729826867580414
      ],
      [
        0.19494961202144623,
        0.09064381569623947,
        0.40465283393859863
      ]
    ]
  ],
  "has_inter_chain_clashes": false,
  "chain_chain_clashes": [
    [
      [
        0,
        0,
        0
      ],
      [
        0,
        0,
        0
      ],
      [
        0,
        0,
        0
      ]
    ]
  ]
}