{
  "aggregate_score": 0.890072226524353,
  "ptm": 0.9141249656677246,
  "iptm": 0.884058952331543,
  "per_chain_ptm": [
    [
      0.906721830368042,
      0.942155659198761,
      0.40493276715278625
    ]
  ],
  "per_chain_pair_iptm": [
    [
      [
        0.906721830368042,
        0.8889686465263367,
        0.03494742140173912
      ],
      [
        0.9098443388938904,
        0.942155659198761,
        0.03293987363576889
      ],
      [
        0.19499528408050537,
        0.08860630542039871,
        0.40493276715278625
      ]
    ]
  ],
  "has_inter_chain_clashes": false,
  "chain_chain_clashes": [
    [
      [
        0,
        0,
        0
      ],
      [
        0,
        0,
        0
      ],
      [
        0,
        0,
        0
      ]
    ]
  ]
}