{
  "aggregate_score": 0.9085750579833984,
  "ptm": 0.9327967166900635,
  "iptm": 0.9025195837020874,
  "per_chain_ptm": [
    [
      0.9463937282562256,
      0.9163282513618469,
      0.43589383363723755
    ]
  ],
  "per_chain_pair_iptm": [
    [
      [
        0.9463937282562256,
        0.9253185987472534,
        0.3806493878364563
      ],
      [
        0.8910801410675049,
        0.9163282513618469,
        0.42866143584251404
      ],
      [
        0.17045435309410095,
        0.3081125319004059,
        0.43589383363723755
      ]
    ]
  ],
  "has_inter_chain_clashes": false,
  "chain_chain_clashes": [
    [
      [
        0,
        0,
        0
      ],
      [
        0,
        0,
        0
      ],
      [
        0,
        0,
        0
      ]
    ]
  ]
}