{
  "aggregate_score": 0.9091538190841675,
  "ptm": 0.9332712888717651,
  "iptm": 0.9031243920326233,
  "per_chain_ptm": [
    [
      0.9449697732925415,
      0.9162701368331909,
      0.44154828786849976
    ]
  ],
  "per_chain_pair_iptm": [
    [
      [
        0.9449697732925415,
        0.9247013926506042,
        0.3935609757900238
      ],
      [
        0.8904200196266174,
        0.9162701368331909,
        0.44145849347114563
      ],
      [
        0.21117189526557922,
        0.35814395546913147,
        0.44154828786849976
      ]
    ]
  ],
  "has_inter_chain_clashes": false,
  "chain_chain_clashes": [
    [
      [
        0,
        0,
        0
      ],
      [
        0,
        0,
        0
      ],
      [
        0,
        0,
        0
      ]
    ]
  ]
}