{
  "aggregate_score": 0.908973217010498,
  "ptm": 0.9331782460212708,
  "iptm": 0.9029219150543213,
  "per_chain_ptm": [
    [
      0.9474601149559021,
      0.9164304137229919,
      0.4383343458175659
    ]
  ],
  "per_chain_pair_iptm": [
    [
      [
        0.9474601149559021,
        0.9254184365272522,
        0.383009672164917
      ],
      [
        0.8911779522895813,
        0.9164304137229919,
        0.42690369486808777
      ],
      [
        0.18082545697689056,
        0.3244685232639313,
        0.4383343458175659
      ]
    ]
  ],
  "has_inter_chain_clashes": false,
  "chain_chain_clashes": [
    [
      [
        0,
        0,
        0
      ],
      [
        0,
        0,
        0
      ],
      [
        0,
        0,
        0
      ]
    ]
  ]
}