{
  "aggregate_score": 0.9060531258583069,
  "ptm": 0.9309231638908386,
  "iptm": 0.8998355865478516,
  "per_chain_ptm": [
    [
      0.9458942413330078,
      0.9168788194656372,
      0.43745020031929016
    ]
  ],
  "per_chain_pair_iptm": [
    [
      [
        0.9458942413330078,
        0.9251341223716736,
        0.3666108548641205
      ],
      [
        0.8913661241531372,
        0.9168788194656372,
        0.4098641574382782
      ],
      [
        0.18336082994937897,
        0.32901889085769653,
        0.43745020031929016
      ]
    ]
  ],
  "has_inter_chain_clashes": false,
  "chain_chain_clashes": [
    [
      [
        0,
        0,
        0
      ],
      [
        0,
        0,
        0
      ],
      [
        0,
        0,
        0
      ]
    ]
  ]
}