{
  "aggregate_score": 0.9066935181617737,
  "ptm": 0.9314703345298767,
  "iptm": 0.9004992842674255,
  "per_chain_ptm": [
    [
      0.9471015930175781,
      0.9169537425041199,
      0.43703895807266235
    ]
  ],
  "per_chain_pair_iptm": [
    [
      [
        0.9471015930175781,
        0.9256458282470703,
        0.3657204210758209
      ],
      [
        0.8913685083389282,
        0.9169537425041199,
        0.40996313095092773
      ],
      [
        0.18810182809829712,
        0.32660403847694397,
        0.43703895807266235
      ]
    ]
  ],
  "has_inter_chain_clashes": false,
  "chain_chain_clashes": [
    [
      [
        0,
        0,
        0
      ],
      [
        0,
        0,
        0
      ],
      [
        0,
        0,
        0
      ]
    ]
  ]
}