{
  "aggregate_score": 0.8838669061660767,
  "ptm": 0.9129186868667603,
  "iptm": 0.876603901386261,
  "per_chain_ptm": [
    [
      0.8959392309188843,
      0.9469354152679443,
      0.36690330505371094
    ]
  ],
  "per_chain_pair_iptm": [
    [
      [
        0.8959392309188843,
        0.8953075408935547,
        0.33581286668777466
      ],
      [
        0.9094639420509338,
        0.9469354152679443,
        0.30922430753707886
      ],
      [
        0.23399196565151215,
        0.10935644805431366,
        0.36690330505371094
      ]
    ]
  ],
  "has_inter_chain_clashes": false,
  "chain_chain_clashes": [
    [
      [
        0,
        0,
        0
      ],
      [
        0,
        0,
        0
      ],
      [
        0,
        0,
        0
      ]
    ]
  ]
}