{
  "aggregate_score": 0.8835302591323853,
  "ptm": 0.9126414060592651,
  "iptm": 0.8762524724006653,
  "per_chain_ptm": [
    [
      0.895318865776062,
      0.9470388293266296,
      0.3674548268318176
    ]
  ],
  "per_chain_pair_iptm": [
    [
      [
        0.895318865776062,
        0.8954244256019592,
        0.33843994140625
      ],
      [
        0.9089138507843018,
        0.9470388293266296,
        0.3056292235851288
      ],
      [
        0.23635204136371613,
        0.10890365391969681,
        0.3674548268318176
      ]
    ]
  ],
  "has_inter_chain_clashes": false,
  "chain_chain_clashes": [
    [
      [
        0,
        0,
        0
      ],
      [
        0,
        0,
        0
      ],
      [
        0,
        0,
        0
      ]
    ]
  ]
}