{
  "aggregate_score": 0.8838837742805481,
  "ptm": 0.9129287600517273,
  "iptm": 0.8766224980354309,
  "per_chain_ptm": [
    [
      0.8966255187988281,
      0.946971595287323,
      0.3667597472667694
    ]
  ],
  "per_chain_pair_iptm": [
    [
      [
        0.8966255187988281,
        0.8958979249000549,
        0.3405730128288269
      ],
      [
        0.9094343185424805,
        0.946971595287323,
        0.309139609336853
      ],
      [
        0.23454433679580688,
        0.11025939136743546,
        0.3667597472667694
      ]
    ]
  ],
  "has_inter_chain_clashes": false,
  "chain_chain_clashes": [
    [
      [
        0,
        0,
        0
      ],
      [
        0,
        0,
        0
      ],
      [
        0,
        0,
        0
      ]
    ]
  ]
}