{
  "aggregate_score": 0.8846945762634277,
  "ptm": 0.9135563373565674,
  "iptm": 0.877479076385498,
  "per_chain_ptm": [
    [
      0.8956835269927979,
      0.9465076923370361,
      0.3671486973762512
    ]
  ],
  "per_chain_pair_iptm": [
    [
      [
        0.8956835269927979,
        0.8951062560081482,
        0.3521784842014313
      ],
      [
        0.9091557264328003,
        0.9465076923370361,
        0.3209906816482544
      ],
      [
        0.23548655211925507,
        0.11311589926481247,
        0.3671486973762512
      ]
    ]
  ],
  "has_inter_chain_clashes": false,
  "chain_chain_clashes": [
    [
      [
        0,
        0,
        0
      ],
      [
        0,
        0,
        0
      ],
      [
        0,
        0,
        0
      ]
    ]
  ]
}