{
  "aggregate_score": 0.8832486867904663,
  "ptm": 0.9124706983566284,
  "iptm": 0.875943124294281,
  "per_chain_ptm": [
    [
      0.8953749537467957,
      0.9470250606536865,
      0.36893394589424133
    ]
  ],
  "per_chain_pair_iptm": [
    [
      [
        0.8953749537467957,
        0.8953649997711182,
        0.34172460436820984
      ],
      [
        0.9080530405044556,
        0.9470250606536865,
        0.310109406709671
      ],
      [
        0.23709574341773987,
        0.11466565728187561,
        0.36893394589424133
      ]
    ]
  ],
  "has_inter_chain_clashes": false,
  "chain_chain_clashes": [
    [
      [
        0,
        0,
        0
      ],
      [
        0,
        0,
        0
      ],
      [
        0,
        0,
        0
      ]
    ]
  ]
}